NSE/EXCELINFO,Excel Infoways Limited
NSE/VARUNSHIP,Varun Shipping Company Limited
NSE/PROZONE,Prozone Capital Shopping Centres Limited
NSE/UBENGG,UB Engineering Limited
NSE/MVLIND,MVL Industries Limited
NSE/MAX,Max India Limited
NSE/SSLT,Sesa Sterlite Limited
NSE/APIL,Alstom Projects India Limited
NSE/KTKNV20ETF,KOTAKMAMC - KTKNV20ETF
NSE/ALFALAVAL,Alfa Laval (India) Limited
NSE/AHMEDFORGE,Ahmednagar Forgings Limited
NSE/PIRGLASS,Piramal Glass Limited
NSE/FTCPOF5YDV,Franklin Templeton Capital Protection Oriented Fund
NSE/BROADCAST,Broadcast Initiatives Limited
NSE/ORIENTCERA,Orient Ceramics and Industries Limited
NSE/CMC,CMC Limited
NSE/STER,Sterlite Industries ( India ) Limited
NSE/RELMEDIA,Reliance MediaWorks Limited
NSE/SEZALGLASS,Sezal Glass Limited
NSE/GULFOILCOR,Gulf Oil Corporation Limited
NSE/FAME,Fame India Limited
NSE/SHASUNPHAR,Shasun Pharmaceuticals Limited
NSE/ROMAN,Roman Tarmat Limited
NSE/VTXIND,VTX Industries Limited
NSE/ZENITHINFO,Zenith Infotech Limited
NSE/HOPFL,House of Pearl Fashions Limited
NSE/20MICRONS,20 Microns Limited
NSE/ALPSINDUS,Alps Industries Limited
NSE/ARCOTECH,Arcotech Limited
NSE/BFINVEST,BF Investment Limited
NSE/BLUESTARCO,Blue Star Limited
NSE/DAAWAT,LT Foods Limited
NSE/DIVISLAB,Divi's Laboratories Limited
NSE/ELECTCAST,Electrosteel Castings Limited
NSE/ESTER,Ester Industries Limited
NSE/GODREJPROP,Godrej Properties Limited
NSE/GSCLCEMENT,Gujarat Sidhee Cement Limited
NSE/HCC,Hindustan Construction Company Limited
NSE/HINDCOPPER,Hindustan Copper Limited
NSE/INDBANK,Indbank Merchant Banking Services Limited
NSE/INSECTICID,Insecticides (India) Limited
NSE/JKTYRE,JK Tyre & Industries Limited
NSE/KAMATHOTEL,Kamat Hotels (I) Limited
NSE/KIRLOSENG,Kirloskar Oil Engines Limited
NSE/KSBPUMPS,KSB Pumps Limited
NSE/LINCPEN,Linc Pen & Plastics Limited
NSE/MICROSEC,Microsec Financial Services Limited
NSE/ONMOBILE,OnMobile Global Limited
NSE/PARSVNATH,Parsvnath Developers Limited
NSE/PGIL,Pearl Global Industries Limited
NSE/PPAP,PPAP Automotive Limited
NSE/PVR,PVR Limited
NSE/RAYMOND,Raymond Limited
NSE/REPRO,Repro India Limited
NSE/RUPA,Rupa & Company Limited
NSE/SARLAPOLY,Sarla Performance Fibers Limited
NSE/SGL,STL Global Limited
NSE/SHRIRAMCIT,Shriram City Union Finance Limited
NSE/SOLARINDS,Solar Industries India Limited
NSE/SUVEN,Suven Life Sciences Limited
NSE/TATASTEEL,Tata Steel Limited
NSE/TIMESGTY,Times Guaranty Limited
NSE/TVSELECT,TVS Electronics Limited
NSE/UPERGANGES,Upper Ganges Sugar & Industries Limited
NSE/VTL,Vardhman Textiles Limited
NSE/ZENSARTECH,Zensar Technologies Limited
NSE/SUPREMETEX,Supreme Tex Mart Limited
NSE/MAHINDFORG,Mahindra Forgings Limited
NSE/KDDL,KDDL Limited
NSE/KEYCORPSER,Keynote Corporate Services Limited
NSE/RASOYPR,Rasoya Proteins Limited
NSE/NV20,National Stock Exchange of India (NSE) Stock Index - NV 20
NSE/PEPL,Pearl Engineering Polymers Limited
NSE/NAVKARCORP,Navkar Corporation Limited
NSE/EONELECT,Eon Electric Limited
NSE/NORTHGATE,Northgate Technologies Limited
NSE/ADVANIHOTR,Advani Hotels & Resorts (India) Limited
NSE/ARSHIYA,Arshiya Limited
NSE/AUSOMENT,Ausom Enterprise Limited
NSE/BANCOINDIA,Banco Products (I) Limited
NSE/BHARATFORG,Bharat Forge Limited
NSE/BOSCHLTD,Bosch Limited
NSE/CHEMFALKAL,Chemfab Alkalis Limited
NSE/COXKINGS,Cox & Kings Limited
NSE/DONEAR,Donear Industries Limited
NSE/EROSMEDIA,Eros International Media Limited
NSE/FINCABLES,Finolex Cables Limited
NSE/GEMINI,Gemini Communication Limited
NSE/GREAVESCOT,Greaves Cotton Limited
NSE/HERITGFOOD,Heritage Foods Limited
NSE/HMVL,Hindustan Media Ventures Limited
NSE/INDOTHAI,Indo Thai Securities Limited
NSE/ISMTLTD,ISMT Limited
NSE/JINDALPOLY,Jindal Poly Films Limited
NSE/KAVVERITEL,Kavveri Telecom Products Limited
NSE/KPIT,KPIT Technologies Limited
NSE/LIBERTSHOE,Liberty Shoes Limited
NSE/LYKALABS,Lyka Labs Limited
NSE/MIC,MIC Electronics Limited
NSE/MSPL,MSP Steel & Power Limited
NSE/OMMETALS,OM Metals Infraprojects Limited
NSE/PANAMAPET,Panama Petrochem Limited
NSE/PRIMESECU,Prime Securities Limited
NSE/RALLIS,Rallis India Limited
NSE/RELINFRA,Reliance Infrastructure Limited
NSE/SASKEN,Sasken Communication Technologies Limited
NSE/SHYAMCENT,Shyam Century Ferrous Limited
NSE/TATAMOTORS,Tata Motors Limited
NSE/UNIPLY,Uniply Industries Limited
NSE/VARDMNPOLY,Vardhman Polytex Limited
NSE/VIPIND,VIP Industries Limited
NSE/WENDT,Wendt (India) Limited
NSE/ALKEM,Alkem Laboratories Limited
NSE/AARVEEDEN,Aarvee Denims & Exports Limited
NSE/ADFFOODS,ADF Foods Limited
NSE/ALICON,Alicon Castalloy Limited
NSE/ASHOKLEY,Ashok Leyland Limited
NSE/ASTEC,Astec LifeSciences Limited
NSE/AXISBANK,Axis Bank Limited
NSE/BANG,Bang Overseas Limited
NSE/BASF,BASF India Limited
NSE/BRIGADE,Brigade Enterprises Limited
NSE/CCCL,Consolidated Construction Consortium Limited
NSE/CELEBRITY,Celebrity Fashions Limited
NSE/CINELINE,Cineline India Limited
NSE/COLPAL,Colgate Palmolive (India) Limited
NSE/DABUR,Dabur India Limited
NSE/DELTAMAGNT,Delta Magnets Limited
NSE/DIAPOWER,Diamond Power Infra Ltd
NSE/EIHOTEL,EIH Limited
NSE/FCL,Fineotex Chemical Limited
NSE/GAMMONIND,Gammon India Limited
NSE/GAL,Gyscoal Alloys Limited
NSE/GOKEX,Gokaldas Exports Limited
NSE/GSS,GSS Infotech Limited
NSE/GSPL,Gujarat State Petronet Limited
NSE/HBSTOCK,HB Stockholdings Limited
NSE/HTMEDIA,HT Media Limited
NSE/IDBIGOLD,IDBI Mutual Fund - IDBI Gold Exchange Traded Fund
NSE/IMPAL,India Motor Parts and Accessories Limited
NSE/INDIANCARD,Indian Card Clothing Company Limited
NSE/INFRATEL,Bharti Infratel Limited
NSE/IZMO,IZMO Limited
NSE/JAYBARMARU,Jay Bharat Maruti Limited
NSE/JMTAUTOLTD,JMT Auto Limited
NSE/KAMDHENU,Kamdhenu Limited
NSE/JKPAPER,JK Paper Limited
NSE/KIRIINDUS,Kiri Industries Limited
NSE/KIRLOSIND,Kirloskar Industries Limited
NSE/KPRMILL,K.P.R. Mill Limited
NSE/LOKESHMACH,Lokesh Machines Limited
NSE/MADHUCON,Madhucon Projects Limited
NSE/MAHINDCIE,Mahindra CIE Automotive Limited
NSE/MARUTI,Maruti Suzuki India Limited
NSE/MONSANTO,Monsanto India Limited
NSE/NAGAROIL,Nagarjuna Oil Refinery Limited
NSE/NAHARPOLY,Nahar Poly Films Limited
NSE/NELCO,NELCO Limited
NSE/NIITLTD,NIIT Limited
NSE/OIL,Oil India Limited
NSE/ORISSAMINE,The Orissa Minerals Development Company Limited
NSE/OUDHSUG,The Oudh Sugar Mills Limited
NSE/PDUMJEIND,Pudumjee Industries Limited
NSE/PITTILAM,Pitti Laminations Limited
NSE/PIONEEREMB,Pioneer Embroideries Limited
NSE/PRECWIRE,Precision Wires India Limited
NSE/PREMIERPOL,Premier Polyfilm Limited
NSE/RADICO,Radico Khaitan Limited
NSE/REFEX,Refex Industries Limited
NSE/RELGOLD,R* Shares Gold ETF
NSE/SANGAMIND,Sangam (India) Limited
NSE/SESHAPAPER,Seshasayee Paper and Boards Limited
NSE/SHALPAINTS,Shalimar Paints Limited
NSE/SHREEPUSHK,Shree Pushkar Chemicals & Fertilisers Limited
NSE/SIGNET,Signet Industries Limited
NSE/SMARTLINK,Smartlink Network Systems Limited
NSE/SOUTHBANK,The South Indian Bank Limited
NSE/SURYALAXMI,Suryalakshmi Cotton Mills Limited
NSE/TATAMETALI,Tata Metaliks Limited
NSE/TARMAT,Tarmat Limited
NSE/THYROCARE,Thyrocare Technologies Limited
NSE/TIIL,Technocraft Industries (India) Limited
NSE/TRITURBINE,Triveni Turbine Limited
NSE/TTL,T T Limited
NSE/UNIONBANK,Union Bank of India
NSE/VENUSREM,Venus Remedies Limited
NSE/VIVIDHA,Visagar Polytex Limited
NSE/VKSPL,VKS Projects Limited
NSE/WIPRO,Wipro Limited
NSE/WONDERLA,Wonderla Holidays Limited
NSE/CNX_NIFTY_JUNIOR,National Stock Exchange of India (NSE) Stock Index - Junior Nifty
NSE/CNXENERGY,National Stock Exchange of India Stock Index - CNX ENERGY
NSE/SITICABLE,Siti Cable Network Limited
NSE/SBTINTL,SB&T International Limited
NSE/NIFTY_200,National Stock Exchange of India (NSE) Stock Index - Nifty 200
NSE/HYDRBADIND,Hyderabad Industries Limited
NSE/KALECONSUL,Kale Consultants Limited
NSE/SALONA,Salona Cotspin Limited
NSE/GEODESIC,Geodesic Limited
NSE/BHARATFIN,Bharat Financial Inclusion Limited
NSE/SAMINDUS,SAM Industries Limited
NSE/KFA,Kingfisher Airlines Limited
NSE/SAKTHIFIN,Sakthi Finance Limited
NSE/AGRE,Agre Developers Limited
NSE/PIRLIFE,Piramal Life Sciences Limited
NSE/BSTRANSCOM,BS TransComm Limited
NSE/VARUN,Varun Industries Limited
NSE/RESURGERE,Resurgere Mines & Minerals India Limited
NSE/IDFCBANK,IDFC Bank Limited
NSE/COREEDUTEC,CORE Education & Technologies Limited
NSE/WANBURY,Wanbury Limited
NSE/AICHAMP,AI Champdany Industries Limited
NSE/ZENITHCOMP,Zenith Computers Limited
NSE/CMAHENDRA,C. Mahendra Exports Limited
NSE/HELIOSMATH,Helios And Matheson Information Technology Limited
NSE/INNOIND,Innoventive Industries Limited
NSE/SOFTTECHGR,Software Technology Group International Limited
NSE/PLETHICO,Plethico Pharmaceuticals Limited
NSE/REISIXTEN,REI Six Ten Retail Limited
NSE/SIRPAPER,The Sirpur Paper Mills Limited
NSE/CINEMAX,Cinemax India Limited
NSE/WELPROJ,Welspun Projects Limited
NSE/BELLCERATL,Bell Ceramics Limited
NSE/PANCHSHEEL,Panchsheel Organics Limited
NSE/KITPLYIND,Kitply Industries Limited
NSE/ALANKIT,Alankit Limited
NSE/NUMERICPW,Numeric Power Systems Limited
NSE/DALMIABEL,Dalmia Bharat Enterprises Limited
NSE/PILIND,Peacock Industries Limited
NSE/DCB,Development Credit Bank Limited
NSE/NAVNETPUBL,Navneet Publications India Limited
NSE/UTVSOF,UTV Software Communications Limited
NSE/ATNINTER,ATN International Limited
NSE/NCOPPER,Nissan Copper Limited
NSE/TELEMARINE,Teledata Marine Solutions Limited
NSE/DUNCANSLTD,Duncans Industries Limited
NSE/BATLIBOI,Batliboi Limited
NSE/NEYVELILIG,Neyveli Lignite Corporation Limited
NSE/HGSL,Hinduja Global Solutions Limited
NSE/KSOILS,K S Oils Limited
NSE/JUPITER,Jupiter Bioscience Limited
NSE/NATNLSTEEL,National Steel And Agro Industries Limited
NSE/TULSYAN,Tulsyan Nec Limited
NSE/SAYAJIHOTL,Sayaji Hotels Limited
NSE/KOVAI,Kovai Medical Center & Hospital Limited
NSE/CILNOVA,CIL Nova Petrochemicals Limited
NSE/NICCO,Nicco Corporation Limited
NSE/BGLOBAL,Bharatiya Global Infomedia Limited
NSE/GKB,GKB Ophthalmics Limited
NSE/ACKRUTI,Ackruti City Limited
NSE/LANCOIN,Lanco Industries Limited
NSE/PERIATEA,The Peria Karamalai Tea & Produce Company Limited
NSE/WELGLOB,Welspun Global Brands Limited
NSE/AMAR,Amar Remedies Limited
NSE/KOPDRUGS,KDL Biotech Limited
NSE/ZUARIAGRO,Zuari Industries Limited
NSE/KLRF,KLRF Limited
NSE/SATYAMCOMP,Satyam Computer Services Limited
NSE/FOURSOFT,Four Soft Limited
NSE/ABHISHEK,Abhishek Corporation Limited
NSE/HORIZONINF,Horizon Infrastructure Limited
NSE/INV20,ICICIPRAMC - INV20
NSE/FUTUREVENT,Future Ventures India Limited
NSE/FCH,Future Capital Holdings Limited
NSE/SIMPLEXCAS,Simplex Castings Limited
NSE/KRITIIND,Kriti Industries (India) Limited
NSE/ZEENEWS,Zee News Limited
NSE/INEABS,INEOS ABS (India) Limited
NSE/SBIGETS,SBI Mutual Fund - Gold ETF
NSE/ASTERSILI,Aster Silicates Limited
NSE/GSLNOVA,GSL Nova Petrochemicals Limited
NSE/NOL,National Oxygen Limited
NSE/MIDCAPIWIN,ICICI Prudential Midcap Select ETF
NSE/DENSO,Denso India Limited
NSE/HIRAFERRO,Hira Ferro Alloys Limited
NSE/BALPHARMA,Bal Pharma Limited
NSE/SURYAPHARM,Surya Pharmaceutical Limited
NSE/CNXFINANCE,National Stock Exchange of India Stock Index - CNX FINANCE
NSE/NIFTYMIDCAP,National Stock Exchange of India Stock Index - NIFTY MIDCAP 50
NSE/IPGETF,ICICI Prudential Mutual Fund-ICICI Prudential Gold Exchange Traded Fund
NSE/PROVOGUE,Provogue (India) Limited
NSE/WWIL,Wire and Wireless (India) Limited
NSE/EMPEESUG,Empee Sugars and Chemicals Limited
NSE/CLUTCHAUTO,Clutch Auto Limited
NSE/UNIPHOS,United Phosphorus Limited
NSE/CPIL,Career Point Infosystems Limited
NSE/PALRED,Palred Technologies Limited
NSE/PARAL,Parekh Aluminex Limited
NSE/ARL,Arvind Remedies Limited
NSE/LUMAXAUTO,Lumax Automotive Systems Limited
NSE/LICNFNHGP,LICNAMC - LICNFNHGP
NSE/CNX_DEFTY,National Stock Exchange of India (NSE) Stock Index - CNX Defty
NSE/GLORY,Glory Polyfilms Limited
NSE/HCIL,Himadri Chemicals and Industries Limited
NSE/DRDATSONS,Dr. Datson's Labs Limited
NSE/DCMSRMCONS,DCM Shriram Consolidated Limited
NSE/IOLN,IOL Netcom Limited
NSE/SHREEASHTA,Shree Ashtavinayak Cine Vision Limited
NSE/BLUECHIP,Blue Chip India Limited
NSE/CNX_MNC,National Stock Exchange of India (NSE) Stock Index - CNX MNC
NSE/CEATLTD,CEAT Limited
NSE/CONTROLPR,Control Print Limited
NSE/DCMSHRIRAM,DCM Shriram Limited
NSE/NILAINFRA,Nila Infrastructures Limited
NSE/QUESS,Quess Corp Limited
NSE/RANEENGINE,Rane Engine Valve Limited
NSE/UMANGDAIRY,Umang Dairies Limited
NSE/JUMBO,Jumbo Bag Limited
NSE/BANARBEADS,Banaras Beads Limited
NSE/LYPSAGEMS,Lypsa Gems & Jewellery Limited
NSE/SHARDACROP,Sharda Cropchem Limited
NSE/PATNI,Patni Computer Systems Limited
NSE/CAMBRIDGE,Cambridge Solutions Limited
NSE/LLOYDFIN,Lloyds Finance Limited
NSE/INDIAINFO,India Infoline Limited
NSE/SALONACOT,Salona Cotspin Limited
NSE/CRONIMET,Cronimet Alloys India Limited
NSE/CNX_500,National Stock Exchange of India (NSE) Stock Index - CNX 500
NSE/NANDAN,Nandan Exim Limited
NSE/MICROTECH,Micro Technologies (India) Limited
NSE/CLASSIC,Classic Diamonds (India) Limited
NSE/SHARRESLTD,Sharyans Resources Limited
NSE/SUNCLAYTON,Sundaram Clayton Limited
NSE/INDUSFILA,Indus Fila Limited
NSE/DEWANHOUS,Dewan Housing Finance Corporation Limited
NSE/CAROLINFO,Carol Info Services Limited
NSE/AVENTIS,Aventis Pharma Limited
NSE/DUNCANSIND,Duncans Industries Limited
NSE/PIRHEALTH,Piramal Healthcare Limited
NSE/CINEPRO,Cinemax Properties Limited
NSE/NIFTY100_LIQ_15,National Stock Exchange of India (NSE) Stock Index - Nifty100 LIQ 15
NSE/BIMETAL,Bimetal Bearings Limited
NSE/NEOCORP,Neo Corp International Limited
NSE/AARTIIND,Aarti Industries Limited
NSE/AFL,Accel Frontline Limited
NSE/AJMERA,Ajmera Realty & Infra India Limited
NSE/ALKALI,Alkali Metals Limited
NSE/ANSALAPI,Ansal Properties & Infrastructure Limited
NSE/ANDHRACEMT,Andhra Cements Limited
NSE/ASHIMASYN,Ashima Limited
NSE/ASHAPURMIN,Ashapura Minechem Limited
NSE/AXISGOLD,Axis Mutual Fund - Axis Gold ETF
NSE/BEPL,Bhansali Engineering Polymers Limited
NSE/BIRLAMONEY,Aditya Birla Money Limited
NSE/BSLNIFTY,Birla Sun Life Mutual Fund - Birla Sun Life Nifty ETF - Growth
NSE/CARBORUNIV,Carborundum Universal Limited
NSE/CHENNPETRO,Chennai Petroleum Corporation Limited
NSE/CLNINDIA,Clariant Chemicals (India) Limited
NSE/CPSEETF,Goldman Sachs Mutual Fund - CPSE ETF - Growth Option
NSE/CROMPGREAV,Crompton Greaves Limited
NSE/DELTACORP,Delta Corp Limited
NSE/DHARSUGAR,Dharani Sugars & Chemicals Limited
NSE/EASTSILK,Eastern Silk Industries Limited
NSE/EDELWEISS,Edelweiss Financial Services Limited
NSE/ESABINDIA,Esab India Limited
NSE/FILATEX,Filatex India Limited
NSE/FINANTECH,Financial Technologies (India) Limited
NSE/GDL,Gateway Distriparks Limited
NSE/GEOJITBNPP,Geojit BNP Paribas Financial Services Limited
NSE/GMRINFRA,GMR Infrastructure Limited
NSE/HANUNG,Hanung Toys and Textiles Limited
NSE/HCL_INSYS,HCL Infosystems Limited
NSE/HGS,Hinduja Global Solutions Limited
NSE/HINDOILEXP,Hindustan Oil Exploration Company Limited
NSE/IBREALEST,Indiabulls Real Estate Limited
NSE/IBVENTURES,Indiabulls Ventures Limited
NSE/INDHOTEL,The Indian Hotels Company Limited
NSE/INDIACEM,The India Cements Limited
NSE/INGERRAND,Ingersoll Rand (India) Limited
NSE/JAYNECOIND,Jayaswal Neco Industries Limited
NSE/JINDALSAW,Jindal Saw Limited
NSE/JMA,Jullundur Motor Agency (Delhi) Limited
NSE/JUBLFOOD,Jubilant Foodworks Limited
NSE/KARURVYSYA,Karur Vysya Bank Limited
NSE/KKCL,Kewal Kiran Clothing Limited
NSE/KOTHARIPRO,Kothari Products Limited
NSE/LALPATHLAB,Dr. Lal Path Labs Ltd.
NSE/MADRASFERT,Madras Fertilizers Limited
NSE/MANALIPETC,Manali Petrochemicals Limited
NSE/MOLDTECH,Mold-Tek Technologies Limited
NSE/MRO_TEK,MRO-TEK Limited
NSE/NATIONALUM,National Aluminium Company Limited
NSE/NECLIFE,Nectar Lifesciences Limited
NSE/NHPC,NHPC Limited
NSE/NLCINDIA,NLC India Limited
NSE/NMDC,NMDC Limited
NSE/OCL,OCL India Limited
NSE/PARACABLES,Paramount Communications Limited
NSE/PDSMFL,PDS Multinational Fashions Limited
NSE/PFOCUS,Prime Focus Limited
NSE/PNB,Punjab National Bank
NSE/PONNIERODE,Ponni Sugars (Erode) Limited
NSE/PSUBNKBEES,Goldman Sachs PSU Bank Exchange Traded Scheme
NSE/PTC,PTC India Limited
NSE/RATNAMANI,Ratnamani Metals & Tubes Limited
NSE/REVATHI,Revathi Equipment Limited
NSE/REPCOHOME,Repco Home Finance Limited
NSE/SANDESH,The Sandesh Limited
NSE/SARDAEN,Sarda Energy & Minerals Limited
NSE/SELAN,Selan Exploration Technology Limited
NSE/SHRENUJ,Shrenuj & Company Limited
NSE/SHYAMTEL,Shyam Telecom Limited
NSE/SMSPHARMA,SMS Pharmaceuticals Limited
NSE/SONASTEER,Sona Koyo Steering Systems Limited
NSE/TAKE,Take Solutions Limited
NSE/TECHNOFAB,Technofab Engineering Limited
NSE/TIDEWATER,Tide Water Oil Company (India) Limited
NSE/TRIL,Transformers And Rectifiers (India) Limited
NSE/TREEHOUSE,Tree House Education & Accessories Limited
NSE/UNIENTER,Uniphos Enterprises Limited
NSE/UTTAMSUGAR,Uttam Sugar Mills Limited
NSE/VESUVIUS,Vesuvius India Limited
NSE/VSTTILLERS,V.S.T Tillers Tractors Limited
NSE/WELINV,Welspun Investments and Commercials Limited
NSE/ZANDUREALT,Zandu Realty Limited
NSE/VIJIFIN,Viji Finance Limited
NSE/CAMLIN,Camlin Limited
NSE/JIKIND,JIK Industries Limited
NSE/ELFORGE,EL Forge Limited
NSE/SRHHLINDST,SRHHL Industries Limited
NSE/PROZONECSC,Prozone Capital Shopping Centres Limited
NSE/ELNET,Elnet Technologies Limited
NSE/DHANUS,Dhanus Technologies Limited
NSE/AXIS_ITT,Axis-IT&T Limited
NSE/CNXMEDIA,National Stock Exchange of India Stock Index - CNX MEDIA
NSE/HITACHIHOM,Hitachi Home and Life Solutions (India) Limited
NSE/KHANDSE,Khandwala Securities Limited
NSE/MAXINDIA,Max India Limited
NSE/MANDHANA,Mandhana Industries Limited
NSE/SETFGOLD,SBI-ETF Gold
NSE/AIL,Alstom India Limited
NSE/DUCON,Ducon Infratechnologies Limited
NSE/CNX_200,National Stock Exchange of India (NSE) Stock Index - CNX 200
NSE/CNX_NIFTY_SHARIAH,National Stock Exchange of India (NSE) Stock Index - CNX Nifty Shariah
NSE/NIFTY_PSE,National Stock Exchange of India (NSE) Stock Index - Nifty PSE
NSE/NI15,National Stock Exchange of India (NSE) Stock Index - NI15
NSE/KOUTONS,Koutons Retail India Limited
NSE/PRETAILDVR,Pantaloon Retail (India) Limited
NSE/RDEL,Reliance Defence and Engineering Limited
NSE/WYETH,Wyeth Limited
NSE/TCPLTD,TCP Limited
NSE/KARURKCP,Karur K.C.P. Packkagings Limited
NSE/DECOLIGHT,Decolight Ceramics Limited
NSE/ESSARPORTS,Essar Ports Limited
NSE/AMARJOTHI,Amarjothi Spinning Mills Limited
NSE/PANCARBON,Panasonic Carbon India Company Limited
NSE/HALONIX,Halonix Limited
NSE/AFTEK,Aftek Limited
NSE/BRANDHOUSE,Brandhouse Retails Limited
NSE/SHLAKSHMI,Shri Lakshmi Cotsyn Limited
NSE/SETFNIFJR,SBIAMC - SETFNIFJR
NSE/SETFNIFTY,SBIAMC - SETFNIFTY
NSE/SIMBHSUGAR,Simbhaoli Sugars Limited
NSE/THEBYKE,The Byke Hospitality Limited
NSE/NANDANEXIM,Nandan Exim Limited
NSE/SRICHAMUND,Sri Chamundeswari Sugars Limited
NSE/CEBBCO,Commercial Engineers & Body Builders Co Limited
NSE/CENTURYPLY,Century Plyboards (India) Limited
NSE/TATAELXSI,Tata Elxsi Limited
NSE/TATAMTRDVR,Tata Motors Limited
NSE/TVSMOTOR,TVS Motor Company Limited
NSE/HINDMOTORS,Hindustan Motors Limited
NSE/FTCSF5YDIV,Franklin Templeton Mutual Fund-Capital Safety Fund-5Y Dividend Option
NSE/TEXMACOLTD,Texmaco Limited
NSE/IBSEC,Indiabulls Securities Limited
NSE/IVRCLAH,IVRCL Assets & Holdings Limited
NSE/APOLSINHOT,Apollo Sindoori Hotels Limited
NSE/ADLABS,Adlabs Entertainment Limited
NSE/ALBK,Allahabad Bank
NSE/APLLTD,Alembic Pharmaceuticals Limited
NSE/3IINFOTECH,3i Infotech Limited
NSE/AARTIDRUGS,Aarti Drugs Limited
NSE/ACCELYA,Accelya Kale Solutions Limited
NSE/ABIRLANUVO,Aditya Birla Nuvo Limited
NSE/ABB,ABB India Limited
NSE/ACE,Action Construction Equipment Limited
NSE/ADANIENT,Adani Enterprises Limited
NSE/AEGISCHEM,Aegis Logistics Limited
NSE/AGCNET,AGC Networks Limited
NSE/AGARIND,Agarwal Industrial Corporation Limited
NSE/AHLUCONT,Ahluwalia Contracts (India) Limited
NSE/AHLEAST,Asian Hotels (East) Limited
NSE/AIAENG,AIA Engineering Limited
NSE/AKZOINDIA,Akzo Nobel India Limited
NSE/AHLWEST,Asian Hotels (West) Limited
NSE/AKSHOPTFBR,Aksh Optifibre Limited
NSE/AJANTPHARM,Ajanta Pharma Limited
NSE/ALEMBICLTD,Alembic Limited
NSE/ALKYLAMINE,Alkyl Amines Chemicals Limited
NSE/ALLSEC,Allsec Technologies Limited
NSE/ALMONDZ,Almondz Global Securities Limited
NSE/ALLCARGO,Allcargo Logistics Limited
NSE/ALOKTEXT,Alok Industries Limited
NSE/AMARAJABAT,Amara Raja Batteries Limited
NSE/AMBIKCO,Ambika Cotton Mills Limited
NSE/ALPHAGEO,Alphageo (India) Limited
NSE/AROGRANITE,Aro Granite Industries Limited
NSE/AMTEKAUTO,Amtek Auto Limited
NSE/AMTL,Advance Metering Technology Limited
NSE/ARSSINFRA,ARSS Infrastructure Projects Limited
NSE/ANDHRABANK,Andhra Bank
NSE/AMRUTANJAN,Amrutanjan Health Care Limited
NSE/ANANTRAJ,Anant Raj Limited
NSE/APARINDS,Apar Industries Limited
NSE/ANGIND,ANG Industries Limited
NSE/APOLLOHOSP,Apollo Hospitals Enterprise Limited
NSE/APLAPOLLO,APL Apollo Tubes Limited
NSE/APCOTEXIND,Apcotex Industries Limited
NSE/ANDHRSUGAR,The Andhra Sugars Limited
NSE/ARIES,Aries Agro Limited
NSE/APTECHT,Aptech Limited
NSE/ARCHIDPLY,Archidply Industries Limited
NSE/ARIHANT,Arihant Foundations & Housing Limited
NSE/ARROWGREEN,Arrow Greentech Limited
NSE/ARROWTEX,Arrow Textiles Limited
NSE/BATAINDIA,Bata India Limited
NSE/ASAHIINDIA,Asahi India Glass Limited
NSE/ASHIANA,Ashiana Housing Limited
NSE/AXISCADES,AXISCADES Engineering Technologies Limited
NSE/ASAHISONG,Asahi Songwon Colors Limited
NSE/ASAL,Automotive Stampings and Assemblies Limited
NSE/ASSAMCO,Assam Company India Limited
NSE/ASIANTILES,Asian Granito India Limited
NSE/BAJAJFINSV,Bajaj Finserv Limited
NSE/ASIANPAINT,Asian Paints Limited
NSE/ASIANHOTNR,Asian Hotels (North) Limited
NSE/ASTRAL,Astral Poly Technik Limited
NSE/ASTRAZEN,AstraZeneca Pharma India Limited
NSE/ATULAUTO,Atul Auto Limited
NSE/ATLANTA,Atlanta Limited
NSE/CAIRN,Cairn India Limited
NSE/AURIONPRO,Aurionpro Solutions Limited
NSE/AUTOIND,Autoline Industries Limited
NSE/AUROPHARMA,Aurobindo Pharma Limited
NSE/AVANTIFEED,Avanti Feeds Limited
NSE/AUTOLITIND,Autolite (India) Limited
NSE/BAGFILMS,B.A.G Films and Media Limited
NSE/BAFNAPHARM,Bafna Pharmaceuticals Limited
NSE/ATFL,Agro Tech Foods Limited
NSE/BALAMINES,Balaji Amines Limited
NSE/BINANIIND,Binani Industries Limited
NSE/ASTRAMICRO,Astra Microwave Products Limited
NSE/BEL,Bharat Electronics Limited
NSE/BALKRISIND,Balkrishna Industries Limited
NSE/BAJAJCORP,Bajaj Corp Limited
NSE/BALRAMCHIN,Balrampur Chini Mills Limited
NSE/BANKBARODA,Bank of Baroda
NSE/BALMLAWRIE,Balmer Lawrie & Company Limited
NSE/BANARISUG,Bannari Amman Sugars Limited
NSE/BANKINDIA,Bank of India
NSE/BANKBEES,Goldman Sachs Banking Index Exchange Traded Scheme
NSE/BANSWRAS,Banswara Syntex Limited
NSE/BARTRONICS,Bartronics India Limited
NSE/CENTUM,Centum Electronics Limited
NSE/BASML,Bannari Amman Spinning Mills Limited
NSE/BAJAJ_AUTO,Bajaj Auto Limited
NSE/BAYERCROP,Bayer Cropscience Limited
NSE/BEDMUTHA,Bedmutha Industries Limited
NSE/BLUEBLENDS,Blue Blends (I) Limited
NSE/BHAGERIA,Bhageria Industries Limited
NSE/BGRENERGY,BGR Energy Systems Limited
NSE/BERGEPAINT,Berger Paints (I) Limited
NSE/BEML,BEML Limited
NSE/BFUTILITIE,BF Utilities Limited
NSE/BHARATGEAR,Bharat Gears Limited
NSE/BHARTIARTL,Bharti Airtel Limited
NSE/BHEL,Bharat Heavy Electricals Limited
NSE/BHARATIDIL,Bharati Defence and Infrastructure Limited
NSE/BHARATRAS,Bharat Rasayan Limited
NSE/BHUSANSTL,Bhushan Steel Limited
NSE/BIL,Bhartiya International Limited
NSE/BIOCON,Biocon Limited
NSE/BLISSGVS,Bliss GVS Pharma Limited
NSE/CADILAHC,Cadila Healthcare Limited
NSE/BLUECOAST,Blue Coast Hotels Limited
NSE/BPCL,Bharat Petroleum Corporation Limited
NSE/BLBLIMITED,BLB Limited
NSE/BOMDYEING,Bombay Dyeing & Mfg Company Limited
NSE/BLUEDART,Blue Dart Express Limited
NSE/BRITANNIA,Britannia Industries Limited
NSE/BRFL,Bombay Rayon Fashions Limited
NSE/BSLIMITED,BS LIMITED
NSE/BSLGOLDETF,Birla Sun Life Mutual Fund - Birla Sun Life Gold ETF - Growth
NSE/BSELINFRA,BSEL Infrastructure Realty Limited
NSE/BSL,BSL Limited
NSE/BINDALAGRO,Oswal Chemicals & Fertilizers Limited
NSE/BVCL,Barak Valley Cements Limited
NSE/BLKASHYAP,B. L. Kashyap and Sons Limited
NSE/BYKE,The Byke Hospitality Ltd
NSE/CANDC,C & C Constructions Limited
NSE/CESC,CESC Limited
NSE/CANFINHOME,Can Fin Homes Limited
NSE/BODALCHEM,Bodal Chemicals Limited
NSE/CARERATING,Credit Analysis And Research Limited
NSE/CCHHL,Country Club Hospitality & Holidays Limited
NSE/CROMPTON,Crompton Greaves Consumer Electricals Limited
NSE/CASTEXTECH,Castex Technologies Limited
NSE/CAPLIPOINT,Caplin Point Laboratories Limited
NSE/CIPLA,Cipla Limited
NSE/CCL,CCL Products (India) Limited
NSE/COALINDIA,Coal India Limited
NSE/CENTENKA,Century Enka Limited
NSE/CENTRALBK,Central Bank of India
NSE/CENTURYTEX,Century Textiles & Industries Limited
NSE/CELESTIAL,Celestial Biolabs Limited
NSE/CERA,Cera Sanitaryware Limited
NSE/CEREBRAINT,Cerebra Integrated Technologies Limited
NSE/CAREERP,Career Point Limited
NSE/CNOVAPETRO,CIL Nova Petrochemicals Limited
NSE/COMPUSOFT,Compucom Software Limited
NSE/CENTEXT,Century Extrusions Limited
NSE/CONSOFINVT,Consolidated Finvest & Holdings Limited
NSE/CORPBANK,Corporation Bank
NSE/CHAMBLFERT,Chambal Fertilizers & Chemicals Limited
NSE/CONCOR,Container Corporation of India Limited
NSE/COROMANDEL,Coromandel International Limited
NSE/DBL,Dilip Buildcon Limited
NSE/COSMOFILMS,Cosmo Films Limited
NSE/CORDSCABLE,Cords Cable Industries Limited
NSE/COUNCODOS,Country Condo's Limited
NSE/CHROMATIC,Chromatic India Limited
NSE/CREST,Crest Ventures Limited
NSE/CRISIL,CRISIL Limited
NSE/CHOLAFIN,Cholamandalam Investment and Finance Company Limited
NSE/CUMMINSIND,Cummins India Limited
NSE/CTE,Cambridge Technology Enterprises Limited
NSE/CYBERTECH,Cybertech Systems And Software Limited
NSE/CUB,City Union Bank Limited
NSE/CINEVISTA,Cinevista Limited
NSE/CYIENT,Cyient Limited
NSE/DALMIASUG,Dalmia Bharat Sugar and Industries Limited
NSE/DBCORP,D.B.Corp Limited
NSE/EKC,Everest Kanto Cylinder Limited
NSE/DALMIABHA,Dalmia Bharat Limited
NSE/DATAMATICS,Datamatics Global Services Limited
NSE/DBSTOCKBRO,DB (International) Stock Brokers Limited
NSE/DBREALTY,D B Realty Limited
NSE/DCM,DCM Limited
NSE/DEEPAKNTR,Deepak Nitrite Limited
NSE/DQE,DQ Entertainment (International) Limited
NSE/DEEPAKFERT,Deepak Fertilizers and Petrochemicals Corporation Limited
NSE/DEEPIND,Deep Industries Limited
NSE/DECCANCE,Deccan Cements Limited
NSE/DEN,Den Networks Limited
NSE/DHANBANK,Dhanlaxmi Bank Limited
NSE/DHANUKA,Dhanuka Agritech Limited
NSE/ECEIND,ECE Industries Limited
NSE/DENORA,De Nora India Limited
NSE/DHAMPURSUG,Dhampur Sugar Mills Limited
NSE/DHUNINV,Dhunseri Investments Limited
NSE/DISHTV,Dish TV India Limited
NSE/DLF,DLF Limited
NSE/DICIND,DIC India Limited
NSE/DOLPHINOFF,Dolphin Offshore Enterprises (India) Limited
NSE/DLINKINDIA,D-Link (India) Limited
NSE/DENABANK,Dena Bank
NSE/DHFL,Dewan Housing Finance Corporation Limited
NSE/DPSCLTD,DPSC Limited
NSE/DPL,Dhunseri Petrochem Limited
NSE/DSKULKARNI,DS Kulkarni Developers Limited
NSE/DWARKESH,Dwarikesh Sugar Industries Limited
NSE/DTIL,Dhunseri Tea & Industries Limited
NSE/DRREDDY,Dr. Reddy's Laboratories Limited
NSE/ENIL,Entertainment Network (India) Limited
NSE/DREDGECORP,Dredging Corporation of India Limited
NSE/ENERGYDEV,Energy Development Company Limited
NSE/DISHMAN,Dishman Pharmaceuticals and Chemicals Limited
NSE/FEDDERLOYD,Fedders Lloyd Corporation Limited
NSE/EASUNREYRL,Easun Reyrolle Limited
NSE/DYNAMATECH,Dynamatic Technologies Limited
NSE/EDL,Empee Distilleries Limited
NSE/ECLERX,eClerx Services Limited
NSE/EICHERMOT,Eicher Motors Limited
NSE/EDUCOMP,Educomp Solutions Limited
NSE/EIDPARRY,EID Parry India Limited
NSE/EIHAHOTELS,EIH Associated Hotels Limited
NSE/ELAND,E-Land Apparel Limited
NSE/ELECON,Elecon Engineering Company Limited
NSE/EXCELCROP,Excel Crop Care Limited
NSE/ELGIEQUIP,Elgi Equipments Limited
NSE/ELECTHERM,Electrotherm (India) Limited
NSE/ELGIRUBCO,Elgi Rubber Company Limited
NSE/EMKAY,Emkay Global Financial Services Limited
NSE/EMAMIINFRA,Emami Infrastructure Limited
NSE/EMCO,Emco Limited
NSE/EMMBI,Emmbi Industries Limited
NSE/ESL,Electrosteel Steels Limited
NSE/EVEREADY,Eveready Industries India Limited
NSE/ESCORTS,Escorts Limited
NSE/ESSELPACK,Essel Propack Limited
NSE/EUROCERA,Euro Ceramics Limited
NSE/EVERESTIND,Everest Industries Limited
NSE/EUROTEXIND,Eurotex Industries and Exports Limited
NSE/GETD,GE T&D India Limited
NSE/ESSARSHPNG,Essar Shipping Limited
NSE/FACT,Fertilizers and Chemicals Travancore Limited
NSE/EVERONN,Everonn Education Limited
NSE/EXIDEIND,Exide Industries Limited
NSE/FAGBEARING,FAG Bearings India Limited
NSE/FEDERALBNK,The Federal Bank Limited
NSE/FDC,FDC Limited
NSE/FCEL,Future Consumer Enterprise Limited
NSE/FCSSOFT,FCS Software Solutions Limited
NSE/FLEXITUFF,Flexituff International Limited
NSE/FMNL,Future Market Networks Limited
NSE/FOSECOIND,Foseco India Limited
NSE/FINPIPE,Finolex Industries Limited
NSE/GENUSPOWER,Genus Power Infrastructures Limited
NSE/FMGOETZE,Federal-Mogul Goetze (India) Limited.
NSE/GEOMETRIC,Geometric Limited
NSE/FSL,Firstsource Solutions Limited
NSE/GABRIEL,Gabriel India Limited
NSE/GAIL,GAIL (India) Limited
NSE/GALLISPAT,Gallantt Ispat Limited
NSE/GAMMNINFRA,Gammon Infrastructure Projects Limited
NSE/GANDHITUBE,Gandhi Special Tubes Limited
NSE/GALLANTT,Gallantt Metal Limited
NSE/GANECOS,Ganesha Ecosphere Limited
NSE/GANESHHOUC,Ganesh Housing Corporation Limited
NSE/FIEMIND,Fiem Industries Limited
NSE/GAYAPROJ,Gayatri Projects Limited
NSE/GARDENSILK,Garden Silk Mills Limited
NSE/FORTIS,Fortis Healthcare Limited
NSE/GARWALLROP,Garware Wall Ropes Limited
NSE/GEECEE,GeeCee Ventures Limited
NSE/GENUSPAPER,Genus Paper & Boards Limited
NSE/GRAVITA,Gravita India Limited
NSE/GENESYS,Genesys International Corporation Limited
NSE/GAEL,Gujarat Ambuja Exports Limited
NSE/GESHIP,The Great Eastern Shipping Company Limited
NSE/GHCL,GHCL Limited
NSE/GICHSGFIN,GIC Housing Finance Limited
NSE/GILLANDERS,Gillanders Arbuthnot & Company Limited
NSE/GOLDIWIN,ICICI Prudential Gold Exchange Traded Fund
NSE/GINNIFILA,Ginni Filaments Limited
NSE/GILLETTE,Gillette India Limited
NSE/GLENMARK,Glenmark Pharmaceuticals Limited
NSE/GKWLIMITED,GKW Limited
NSE/GUJALKALI,Gujarat Alkalies and Chemicals Limited
NSE/GIPCL,Gujarat Industries Power Company Limited
NSE/GLAXO,GlaxoSmithKline Pharmaceuticals Limited
NSE/GITANJALI,Gitanjali Gems Limited
NSE/GLOBALVECT,Global Vectra Helicorp Limited
NSE/GMDCLTD,Gujarat Mineral Development Corporation Limited
NSE/GMBREW,GM Breweries Limited
NSE/GODFRYPHLP,Godfrey Phillips India Limited
NSE/GNFC,Gujarat Narmada Valley Fertilizers and Chemicals Limited
NSE/GLOBUSSPR,Globus Spirits Limited
NSE/GODREJCP,Godrej Consumer Products Limited
NSE/GODREJIND,Godrej Industries Limited
NSE/GOKUL,Gokul Refoils and Solvent Limited
NSE/GOLDIAM,Goldiam International Limited
NSE/GOLDINFRA,Goldstone Infratech Limited
NSE/GOLDENTOBC,Golden Tobacco Limited
NSE/GOLDBEES,Goldman Sachs Gold Exchange Traded Scheme
NSE/GOLDSHARE,UTI Mutual Fund - UTI Gold Exchange Traded Fund
NSE/GPIL,Godawari Power And Ispat limited
NSE/GRANULES,Granules India Limited
NSE/GPTINFRA,GPT Infraprojects Limited
NSE/HERCULES,Hercules Hoists Limited
NSE/GOLDTECH,Goldstone Technologies Limited
NSE/GUJNREDVR,Gujarat NRE Coke Limited
NSE/GPPL,Gujarat Pipavav Port Limited
NSE/GRASIM,Grasim Industries Limited
NSE/GREENPOWER,Orient Green Power Company Limited
NSE/GRUH,Gruh Finance Limited
NSE/GRPLTD,GRP Limited
NSE/GRINDWELL,Grindwell Norton Limited
NSE/GSFC,Gujarat State Fertilizers & Chemicals Limited
NSE/HCG,Healthcare Global Enterprises Limited
NSE/GREENPLY,Greenply Industries Limited
NSE/GTLINFRA,GTL Infrastructure Limited
NSE/GTNIND,GTN Industries Limited
NSE/HDFCNIFETF,HDFCAMC - HDFCNIFETF
NSE/GTOFFSHORE,GOL Offshore Limited
NSE/GTNTEX,GTN Textiles Limited
NSE/FTCSF5YGRO,Franklin Templeton Mutual Fund-Capital Safety Fund-5Y (Growth Option)
NSE/GUFICBIO,Gufic Biosciences Limited
NSE/GUJAPOLLO,Gujarat Apollo Industries Limited
NSE/GULPOLY,Gulshan Polyols Limited
NSE/GUJFLUORO,Gujarat Fluorochemicals Limited
NSE/GVKPIL,GVK Power & Infrastructure Limited
NSE/GUJNRECOKE,Gujarat NRE Coke Limited
NSE/HATHWAY,Hathway Cable & Datacom Limited
NSE/HIL,HIL Limited
NSE/HARITASEAT,Harita Seating Systems Limited
NSE/HIKAL,Hikal Limited
NSE/HARRMALAYA,Harrisons Malayalam Limited
NSE/HAVELLS,Havells India Limited
NSE/HINDCOMPOS,Hindustan Composites Limited
NSE/HUBTOWN,Hubtown Limited
NSE/HDFCMFGETF,HDFC Mutual Fund-HDFC Gold Exchange Traded Fund
NSE/HBLPOWER,HBL Power Systems Limited
NSE/HCLTECH,HCL Technologies Limited
NSE/HDFCBANK,HDFC Bank Limited
NSE/HDIL,Housing Development and Infrastructure Limited
NSE/HEG,HEG Limited
NSE/HDFC,Housing Development Finance Corporation Limited
NSE/HEROMOTOCO,Hero MotoCorp Limited
NSE/HFCL,Himachal Futuristic Communications Limited
NSE/HEXAWARE,Hexaware Technologies Limited
NSE/HEIDELBERG,HeidelbergCement India Limited
NSE/HESTERBIO,Hester Biosciences Limited
NSE/HILTON,Hilton Metal Forging Limited
NSE/HIMATSEIDE,Himatsingka Seide Limited
NSE/HINDDORROL,Hindustan Dorr-Oliver Limited
NSE/HINDPETRO,Hindustan Petroleum Corporation Limited
NSE/HINDUJAFO,Hinduja Foundries Limited
NSE/HINDSYNTEX,Hind Syntex Limited
NSE/HINDUNILVR,Hindustan Unilever Limited
NSE/HIRECT,Hind Rectifiers Limited
NSE/HITECHGEAR,The Hi-Tech Gears Limited
NSE/HNGSNGBEES,Goldman Sachs Hang Seng Exchange Traded Scheme
NSE/HINDZINC,Hindustan Zinc Limited
NSE/HONAUT,Honeywell Automation India Limited
NSE/HOCL,Hindustan Organic Chemicals Limited
NSE/HITECHPLAS,Hitech Plast Limited
NSE/HPL,HPL Electric & Power Limited
NSE/HOTELRUGBY,Hotel Rugby Limited
NSE/HOTELEELA,Hotel Leela Venture Limited
NSE/HSIL,HSIL Limited
NSE/HONDAPOWER,Honda Siel Power Products Limited
NSE/HOVS,HOV Services Limited
NSE/ICIL,Indo Count Industries Limited
NSE/IDBI,IDBI Bank Limited
NSE/ICRA,ICRA Limited
NSE/IBWSL,Indiabulls Wholesale Services Limited
NSE/IGARASHI,Igarashi Motors India Limited
NSE/IGL,Indraprastha Gas Limited
NSE/IFBAGRO,IFB Agro Industries Limited
NSE/ILFSENGG,IL&FS Engineering and Construction Company Limited
NSE/IITL,Industrial Investment Trust Limited
NSE/IGPL,IG Petrochemicals Limited
NSE/IFGLREFRAC,IFGL Refractories Limited
NSE/IVZINNIFTY,Invesco India Nifty Exchange Traded Fund
NSE/IMFA,Indian Metals & Ferro Alloys Limited
NSE/INDIAGLYCO,India Glycols Limited
NSE/INDNIPPON,India Nippon Electricals Limited
NSE/INDIANB,Indian Bank
NSE/INDLMETER,IMP Powers Limited
NSE/INDORAMA,Indo Rama Synthetics (India) Limited
NSE/INDOCO,Indoco Remedies Limited
NSE/INDIANHUME,Indian Hume Pipe Company Limited
NSE/INDOSOLAR,Indosolar Limited
NSE/INDRAMEDCO,Indraprastha Medical Corporation Limited
NSE/INDSWFTLTD,Ind-Swift Limited
NSE/INDOTECH,Indo Tech Transformers Limited
NSE/INDTERRAIN,Indian Terrain Fashions Limited
NSE/INDSWFTLAB,Ind-Swift Laboratories Limited
NSE/INDUSINDBK,IndusInd Bank Limited
NSE/INFOMEDIA,INFOMEDIA PRESS LIMITED
NSE/INFINITE,Infinite Computer Solutions (India) Limited
NSE/INOXLEISUR,INOX Leisure Limited
NSE/INFY,Infosys Limited
NSE/IOLCP,IOL Chemicals and Pharmaceuticals Limited
NSE/IPAPPM,International Paper APPM Limited
NSE/ISFT,Intrasoft Technologies Limited
NSE/IOB,Indian Overseas Bank
NSE/IOC,Indian Oil Corporation Limited
NSE/IRB,IRB Infrastructure Developers Limited
NSE/IVRCLINFRA,IVRCL Limited
NSE/ITI,ITI Limited
NSE/IVP,IVP Limited
NSE/IVC,IL&FS Investment Managers Limited
NSE/JAGRAN,Jagran Prakashan Limited
NSE/JAIBALAJI,Jai Balaji Industries Limited
NSE/JAGSNPHARM,Jagsonpal Pharmaceuticals Limited
NSE/IPCALAB,IPCA Laboratories Limited
NSE/JAYAGROGN,Jayant Agro Organics Limited
NSE/ITDCEM,ITD Cementation India Limited
NSE/JBMA,JBM Auto Limited
NSE/JAYSREETEA,Jayshree Tea & Industries Limited
NSE/JCHAC,Johnson Controls Hitachi Air Conditioning India Limited
NSE/JBCHEPHARM,JB Chemicals & Pharmaceuticals Limited
NSE/JETAIRWAYS,Jet Airways (India) Limited
NSE/JAMNAAUTO,Jamna Auto Industries Limited
NSE/JINDALPHOT,Jindal Photo Limited
NSE/JISLJALEQS,Jain Irrigation Systems Limited
NSE/JISLDVREQS,Jain Irrigation Systems Limited
NSE/JINDCOT,Jindal Cotex Limited
NSE/JINDWORLD,Jindal Worldwide Limited
NSE/JINDRILL,Jindal Drilling And Industries Limited
NSE/JKIL,J.Kumar Infraprojects Limited
NSE/JKLAKSHMI,JK Lakshmi Cement Limited
NSE/JKCEMENT,JK Cement Limited
NSE/JKBANK,The Jammu & Kashmir Bank Limited
NSE/JPINFRATEC,Jaypee Infratech Limited
NSE/JMFINANCIL,JM Financial Limited
NSE/JSL,Jindal Stainless Limited
NSE/JSWSTEEL,JSW Steel Limited
NSE/JPOLYINVST,Jindal Poly Investment and Finance Company Limited
NSE/JPPOWER,Jaiprakash Power Ventures Limited
NSE/JSWHL,JSW Holdings Limited
NSE/JSWENERGY,JSW Energy Limited
NSE/JUBLINDS,Jubilant Industries Limited
NSE/JUNIORBEES,Goldman Sachs Nifty Junior Exchange Traded Scheme
NSE/JYOTHYLAB,Jyothy Laboratories Limited
NSE/KABRAEXTRU,Kabra Extrusion Technik Limited
NSE/JUSTDIAL,Just Dial Limited
NSE/KALPATPOWR,Kalpataru Power Transmission Limited
NSE/KAKATCEM,Kakatiya Cement Sugar & Industries Limited
NSE/KALINDEE,Kalindee Rail Nirman (Engineers) Limited
NSE/KAJARIACER,Kajaria Ceramics Limited
NSE/KANSAINER,Kansai Nerolac Paints Limited
NSE/KARMAENG,Karma Energy Limited
NSE/KANANIIND,Kanani Industries Limited
NSE/KANORICHEM,Kanoria Chemicals & Industries Limited
NSE/KCP,KCP Limited
NSE/KAYA,Kaya Limited
NSE/KCPSUGIND,KCP Sugar and Industries Corporation Limited
NSE/JUBILANT,Jubilant Life Sciences Limited
NSE/JYOTISTRUC,Jyoti Structures Limited
NSE/KAUSHALYA,Kaushalya Infrastructure Development Corporation Limited
NSE/KECL,Kirloskar Electric Company Limited
NSE/KOTAKNV20,KOTAKMAMC - KTKNV20ETF
NSE/KEI,KEI Industries Limited
NSE/KEC,KEC International Limited
NSE/KESARENT,Kesar Enterprises Limited
NSE/KILITCH,Kilitch Drugs (India) Limited
NSE/KICL,Kalyani Investment Company Limited
NSE/KHAITANELE,Khaitan Electricals Limited
NSE/KGL,Karuturi Global Limited
NSE/KOHINOOR,Kohinoor Foods Limited
NSE/KOLTEPATIL,Kolte - Patil Developers Limited
NSE/KMSUGAR,K.M.Sugar Mills Limited
NSE/KOTAKGOLD,Kotak Mutual Fund - Gold Exchange Traded Fund
NSE/KOTAKBKETF,Kotak Mahindra MF - Kotak Banking ETF - Dividend Payout Option
NSE/KOTAKBANK,Kotak Mahindra Bank Limited
NSE/KOTAKNIFTY,Kotak Mahindra Mutual Fund-Kotak Nifty ETF
NSE/KOTAKPSUBK,Kotak Mahindra Mutual Fund
NSE/KSERASERA,KSS Limited
NSE/LAKPRE,Lakshmi Precision Screws Limited
NSE/KSK,KSK Energy Ventures Limited
NSE/KRBL,KRBL Limited
NSE/KSCL,Kaveri Seed Company Limited
NSE/KTKBANK,The Karnataka Bank Limited
NSE/LAOPALA,La Opala RG Limited
NSE/KWALITY,kwality limited
NSE/KOPRAN,Kopran Limited
NSE/LAXMIMACH,Lakshmi Machine Works Limited
NSE/LCCINFOTEC,LCC Infotech Limited
NSE/LAKSHMIEFL,Lakshmi Energy and Foods Limited
NSE/LAKSHVILAS,Lakshmi Vilas Bank Limited
NSE/LICNETFGSC,LIC NOMURA MF - LIC NOMURA MF G-sec LT ETF - GO
NSE/KOTHARIPET,Kothari Petrochemicals Limited
NSE/LGBBROSLTD,LG Balakrishnan & Bros Limited
NSE/LGBFORGE,LGB Forge Limited
NSE/LIQUIDBEES,Goldman Sachs Liquid Exchange Traded Scheme
NSE/LITL,Lanco Infratech Limited
NSE/LOTUSEYE,Lotus Eye Care Hospital Limited
NSE/LPDC,Landmark Property Development Company Limited
NSE/LOVABLE,Lovable Lingerie Limited
NSE/LLOYDELENG,Lloyd Electric & Engineering Limited
NSE/LUMAXIND,Lumax Industries Limited
NSE/LT,Larsen & Toubro Limited
NSE/LUPIN,Lupin Limited
NSE/MADHAV,Madhav Marbles and Granites Limited
NSE/LUXIND,Lux Industries Limited
NSE/MAGMA,Magma Fincorp Limited
NSE/M50,Motilal Oswal Mutual Fund - Motilal Oswal MOSt Shares M50 ETF
NSE/MAANALU,Maan Aluminium Limited
NSE/LTI,Larsen & Toubro Infotech Limited
NSE/LML,LML Limited
NSE/M100,Motilal Oswal Mutual Fund - Motilal Oswal MOSt Shares M100 ETF GO
NSE/MAGNUM,Magnum Ventures Limited
NSE/MAHSCOOTER,Maharashtra Scooters Limited
NSE/MAHSEAMLES,Maharashtra Seamless Limited
NSE/MANAKCOAT,Manaksia Coated Metals & Industries Limited
NSE/MANAPPURAM,Manappuram Finance Limited
NSE/MANGALAM,Mangalam Drugs And Organics Limited
NSE/MANINFRA,Man Infraconstruction Limited
NSE/MANGCHEFER,Mangalore Chemicals & Fertilizers Limited
NSE/MANINDS,Man Industries (India) Limited
NSE/MAHASTEEL,Mahamaya Steel Industries Limited
NSE/MFSL,Max Financial Services Limited
NSE/MARALOVER,Maral Overseas Limited
NSE/MASTEK,Mastek Limited
NSE/MALUPAPER,Malu Paper Mills Limited
NSE/MBECL,Mcnally Bharat Engineering Company Limited
NSE/MAXWELL,Maxwell Industries Limited
NSE/MCDHOLDING,McDowell Holdings Limited
NSE/MCDOWELL_N,United Spirits Limited
NSE/MCX,Multi Commodity Exchange of India Limited
NSE/MCLEODRUSS,Mcleod Russel India Limited
NSE/MANGTIMBER,Mangalam Timber Products Limited
NSE/MEGASOFT,Megasoft Limited
NSE/MERCK,Merck Limited
NSE/MERCATOR,Mercator Limited
NSE/METKORE,Metkore Alloys & Industries Limited
NSE/MENONBE,Menon Bearings Limited
NSE/MINDACORP,Minda Corporation Limited
NSE/MINDTREE,MindTree Limited
NSE/MMFIN,Mahindra & Mahindra Financial Services Limited
NSE/MMTC,MMTC Limited
NSE/MIRZAINT,Mirza International Limited
NSE/MIRCELECTR,MIRC Electronics Limited
NSE/MMFL,MM Forgings Limited
NSE/PARAGMILK,Parag Milk Foods Limited
NSE/MM,Mahindra & Mahindra Limited
NSE/MOHITIND,Mohit Industries Limited
NSE/MONNETISPA,Monnet Ispat and Energy Limited
NSE/MOLDTKPAC,Mold-Tek Packaging Limited
NSE/MORARJEE,Morarjee Textiles Limited
NSE/MOSERBAER,Moser-Baer (I) Limited
NSE/MOREPENLAB,Morepen Laboratories Limited
NSE/MRF,MRF Limited
NSE/MRPL,Mangalore Refinery and Petrochemicals Limited
NSE/MTEDUCARE,MT Educare Limited
NSE/MPSLTD,MPS Limited
NSE/MTNL,Mahanagar Telephone Nigam Limited
NSE/MUKANDENGG,Mukand Engineers Limited
NSE/MUNJALAU,Munjal Auto Industries Limited
NSE/MUKANDLTD,Mukand Limited
NSE/MUTHOOTCAP,Muthoot Capital Services Limited
NSE/N100,Motilal Oswal Mutual Fund-Motilal Oswal MOSt Shares NASDAQ 100 ETF -GO
NSE/MURUDCERA,Murudeshwar Ceramics Limited
NSE/NAGREEKCAP,Nagreeka Capital & Infrastructure Limited
NSE/MYSOREBANK,State Bank of Mysore
NSE/NAHARCAP,Nahar Capital and Financial Services Limited
NSE/NAHARSPING,Nahar Spinning Mills Limited
NSE/MOTILALOFS,Motilal Oswal Financial Services Limited
NSE/NAHARINDUS,Nahar Industrial Enterprises Limited
NSE/NAUKRI,Info Edge (India) Limited
NSE/NAVINFLUOR,Navin Fluorine International Limited
NSE/NAKODA,Nakoda Limited
NSE/NBVENTURES,Nava Bharat Ventures Limited
NSE/NDGL,Naga Dhunseri Group Limited
NSE/NCC,NCC Limited
NSE/NDTV,New Delhi Television Limited
NSE/NELCAST,Nelcast Limited
NSE/NDL,Nandan Denim Limited
NSE/NEULANDLAB,Neuland Laboratories Limited
NSE/NETWORK18,Network18 Media & Investments Limited
NSE/NFL,National Fertilizers Limited
NSE/NESCO,Nesco Limited
NSE/NIBL,NRB Industrial Bearings Limited
NSE/NIITTECH,NIIT Technologies Limited
NSE/NILKAMAL,Nilkamal Limited
NSE/NIPPOBATRY,Indo-National Limited
NSE/NITINFIRE,Nitin Fire Protection Industries Limited
NSE/NITCO,Nitco Limited
NSE/NOIDATOLL,Noida Toll Bridge Company Limited
NSE/NITINSPIN,Nitin Spinners Limited
NSE/NTPC,NTPC Limited
NSE/NUCLEUS,Nucleus Software Exports Limited
NSE/OILCOUNTUB,Oil Country Tubular Limited
NSE/NUTEK,Nu Tek India Limited
NSE/OMKARCHEM,Omkar Speciality Chemicals Limited
NSE/OFSS,Oracle Financial Services Software Limited
NSE/OBEROIRLTY,Oberoi Realty Limited
NSE/OISL,OCL Iron and Steel Limited
NSE/OMAXAUTO,Omax Autos Limited
NSE/OMAXE,Omaxe Limited
NSE/ONGC,Oil & Natural Gas Corporation Limited
NSE/ONELIFECAP,Onelife Capital Advisors Limited
NSE/ORIENTBELL,Orient Bell Limited
NSE/ORICONENT,Oricon Enterprises Limited
NSE/ORIENTHOT,Oriental Hotels Limited
NSE/ORIENTREF,Orient Refractories Limited
NSE/ORIENTPPR,Orient Paper & Industries Limited
NSE/ORIENTALTL,Oriental Trimex Limited
NSE/ORIENTABRA,Orient Abrasives Limited
NSE/ORTEL,Ortel Communications Limited
NSE/PAGEIND,Page Industries Limited
NSE/PAEL,PAE Limited
NSE/ONWARDTEC,Onward Technologies Limited
NSE/PANACEABIO,Panacea Biotec Limited
NSE/PANORAMUNI,Panoramic Universal Limited
NSE/ORBITCORP,Orbit Corporation Limited
NSE/PARABDRUGS,Parabolic Drugs Limited
NSE/PATINTLOG,Patel Integrated Logistics Limited
NSE/PATELENG,Patel Engineering Limited
NSE/PATSPINLTD,Patspin India Limited
NSE/ORIENTLTD,Orient Press Limited
NSE/PBAINFRA,PBA Infrastructure Limited
NSE/PCJEWELLER,PC Jeweller Limited
NSE/PILITA,PIL ITALICA LIFESTYLE LIMITED
NSE/PDPL,Parenteral Drugs (India) Limited
NSE/PDUMJEPULP,Pudumjee Pulp & Paper Mills Limited
NSE/PENINLAND,Peninsula Land Limited
NSE/PERSISTENT,Persistent Systems Limited
NSE/PEL,Piramal Enterprises Limited
NSE/PETRONENGG,Petron Engineering Construction Limited
NSE/PENIND,Pennar Industries Limited
NSE/PGHH,Procter & Gamble Hygiene and Health Care Limited
NSE/PETRONET,Petronet LNG Limited
NSE/PFC,Power Finance Corporation Limited
NSE/PFS,PTC India Financial Services Limited
NSE/PHILIPCARB,Phillips Carbon Black Limited
NSE/PHOENIXLTD,The Phoenix Mills Limited
NSE/PFIZER,Pfizer Limited
NSE/PINCON,Pincon Spirit Limited
NSE/PIIND,PI Industries Limited
NSE/PHOENIXLL,Phoenix Lamps Limited
NSE/PGEL,PG Electroplast Limited
NSE/PIONDIST,Pioneer Distilleries Limited
NSE/PIDILITIND,Pidilite Industries Limited
NSE/PREMEXPLN,Premier Explosives Limited
NSE/PIRPHYTO,Piramal Phytocare Limited
NSE/PNC,Pritish Nandy Communications Limited
NSE/POLARIS,POLARIS CONSULTING & SERVICES LIMITED
NSE/POCHIRAJU,Pochiraju Industries Limited
NSE/PNBGILTS,PNB Gilts Limited
NSE/POLYPLEX,Polyplex Corporation Limited
NSE/POWERGRID,Power Grid Corporation of India Limited
NSE/POLYMED,Poly Medicure Limited
NSE/PRAKASHCON,Prakash Constrowell Limited
NSE/PRAKASHSTL,Prakash Steelage Limited
NSE/PRAENG,Prajay Engineers Syndicate Limited
NSE/PRECOT,Precot Meridian Limited
NSE/PRAKASH,Prakash Industries Limited
NSE/PREMIER,Premier Limited
NSE/PRESSMN,Pressman Advertising Limited
NSE/PRESTIGE,Prestige Estates Projects Limited
NSE/PRICOL,Pricol Limited
NSE/PROVOGE,Provogue (India) Limited
NSE/PROZONINTU,Prozone Intu Properties Limited
NSE/PTL,PTL Enterprises Limited
NSE/PUNJABCHEM,Punjab Chemicals & Crop Protection Limited
NSE/QGOLDHALF,Quantum Gold Fund -Exchange Traded Fund (ETF)
NSE/PURVA,Puravankara Projects Limited
NSE/PUNJLLOYD,Punj Lloyd Limited
NSE/QNIFTY,Quantum Index Fund -Exchange Traded Fund (ETF)
NSE/QUICKHEAL,Quick Heal Technologies Limited
NSE/RAJRAYON,Raj Rayon Industries Limited
NSE/RAIREKMOH,Raisaheb Reckhchand Mohota Spinning & Weaving Mills Limited
NSE/RAJSREESUG,Rajshree Sugars & Chemicals Limited
NSE/RAMCOIND,Ramco Industries Limited
NSE/RAMANEWS,Shree Rama Newsprint Limited
NSE/RAMKY,Ramky Infrastructure Limited
NSE/RAMCOSYS,Ramco Systems Limited
NSE/RAMCOCEM,The Ramco Cements Limited
NSE/RANEHOLDIN,Rane Holdings Limited
NSE/RBL,Rane Brake Lining Limited
NSE/RBLBANK,RBL Bank Limited
NSE/RCF,Rashtriya Chemicals and Fertilizers Limited
NSE/RANASUG,Rana Sugars Limited
NSE/RECLTD,Rural Electrification Corporation Limited
NSE/RCOM,Reliance Communications Limited
NSE/RELAXO,Relaxo Footwears Limited
NSE/RELBANK,R* Shares Banking ETF
NSE/REIAGROLTD,Rei Agro Limited
NSE/RELDIVOPP,Reliance MF - R*Shares Dividend Opportunities Fund - RSDOETF
NSE/RELCNX100,Reliance Mutual Fund - R* Shares CNX 100 Fund
NSE/RELIGARE,Religare Enterprises Limited
NSE/RELNIFTY,Reliance Mutual Fund - R* Shares Nifty ETF - Dividend Payout
NSE/RTNINFRA,RattanIndia Infrastructure Limited
NSE/RELIANCE,Reliance Industries Limited
NSE/RELCONS,Reliance MF - R*Shares Consumption Fund - R* SHARES CONSUMPTION FUND
NSE/RENUKA,Shree Renuka Sugars Limited
NSE/REMSONSIND,Remsons Industries Limited
NSE/RICOAUTO,Rico Auto Industries Limited
NSE/RJL,Renaissance Jewellery Limited
NSE/RKFORGE,Ramkrishna Forgings Limited
NSE/RESPONIND,Responsive Industries Limited
NSE/RML,Rane (Madras) Limited
NSE/RELCAPITAL,Reliance Capital Limited
NSE/RKDL,Ravi Kumar Distilleries Limited
NSE/ROLTA,Rolta India Limited
NSE/RIIL,Reliance Industrial Infrastructure Limited
NSE/RMCL,Radha Madhav Corporation Limited
NSE/ROHLTD,Royal Orchid Hotels Limited
NSE/ROSSELLIND,Rossell India Limited
NSE/RSSOFTWARE,R. S. Software (India) Limited
NSE/RPPINFRA,R.P.P. Infra Projects Limited
NSE/RSWM,RSWM Limited
NSE/RPOWER,Reliance Power Limited
NSE/RSYSTEMS,R Systems International Limited
NSE/RUBYMILLS,The Ruby Mills Limited
NSE/RUSHIL,Rushil Decor Limited
NSE/SADBHAV,Sadbhav Engineering Limited
NSE/SAIL,Steel Authority of India Limited
NSE/SAKSOFT,Saksoft Limited
NSE/SADBHIN,Sadbhav Infrastructure Project Limited
NSE/SALORAINTL,Salora International Limited
NSE/SAMBHAAV,Sambhaav Media Limited
NSE/SALSTEEL,S.A.L. Steel Limited
NSE/SABTN,Sri Adhikari Brothers Television Network Limited
NSE/SAGCEM,Sagar Cements Limited
NSE/SETCO,Setco Automotive Limited
NSE/SANOFI,Sanofi India Limited
NSE/SANGHVIMOV,Sanghvi Movers Limited
NSE/RUCHIRA,Ruchira Papers Limited
NSE/SANGHVIFOR,Sanghvi Forging and Engineering Limited
NSE/SANWARIA,Sanwaria Agro Oils Limited
NSE/SBBJ,State Bank of Bikaner and Jaipur
NSE/SAREGAMA,Saregama India Limited
NSE/SATHAISPAT,Sathavahana Ispat Limited
NSE/SBIN,State Bank of India
NSE/SATIN,Satin Creditcare Network Limited
NSE/SCI,Shipping Corporation Of India Limited
NSE/SCHNEIDER,Schneider Electric Infrastructure Limited
NSE/SBT,State Bank of Travancore
NSE/SEAMECLTD,Seamec Limited
NSE/SENSEXIWIN,ICICI Prudential Sensex ETF
NSE/SPICEMOBI,Spice Mobility Limited
NSE/SELMCL,SEL Manufacturing Company Limited
NSE/SERVALL,Servalakshmi Paper Limited
NSE/SEINV,S.E. Investments Limited
NSE/SETFNIFBK,SBI-ETF Nifty Bank
NSE/SHAKTIPUMP,Shakti Pumps (India) Limited
NSE/SHANTIGEAR,Shanthi Gears Limited
NSE/SHARDAMOTR,Sharda Motor Industries Limited
NSE/SHARIABEES,Goldman Sachs S&P CNX Nifty Shariah Index Exchange Traded Scheme
NSE/SHARONBIO,Sharon Bio-Medicine Limited
NSE/SHILPAMED,Shilpa Medicare Limited
NSE/SHEMAROO,Shemaroo Entertainment Limited
NSE/SHK,S H Kelkar and Company Limited
NSE/SHIVTEX,Shiva Texyarn Limited
NSE/SHIVAMAUTO,Shivam Autotech Limited
NSE/SHREERAMA,Shree Rama Multi-Tech Limited
NSE/SHREECEM,Shree Cements Limited
NSE/SHREYANIND,Shreyans Industries Limited
NSE/SHREYAS,Shreyas Shipping & Logistics Limited
NSE/SHOPERSTOP,Shoppers Stop Limited
NSE/SHRIRAMEPC,Shriram EPC Limited
NSE/SIEMENS,Siemens Limited
NSE/SICAL,Sical Logistics Limited
NSE/SIMBHALS,Simbhaoli Sugars Limited
NSE/TECHNO,Techno Electric & Engineering Company Limited
NSE/SICAGEN,Sicagen India Limited
NSE/SITASHREE,Sita Shree Food Products Limited
NSE/SILINV,SIL Investments Limited
NSE/SIMPLEXINF,Simplex Infrastructures Limited
NSE/SIYSIL,Siyaram Silk Mills Limited
NSE/SKFINDIA,SKF India Limited
NSE/SKMEGGPROD,SKM Egg Products Export (India) Limited
NSE/SKIPPER,Skipper Limited
NSE/SMPL,Sujana Metal Products Limited
NSE/SOBHA,Sobha Limited
NSE/SINTEX,Sintex Industries Limited
NSE/SIMPLEX,Simplex Projects Limited
NSE/SOMANYCERA,Somany Ceramics Limited
NSE/SOTL,Savita Oil Technologies Limited
NSE/SOMATEX,Soma Textiles & Industries Limited
NSE/SPARC,Sun Pharma Advanced Research Company Limited
NSE/SPECIALITY,Speciality Restaurants Limited
NSE/SPENTEX,Spentex Industries Limited
NSE/SMLISUZU,SML Isuzu Limited
NSE/SPIC,Southern Petrochemicals Industries Corporation Limited
NSE/SPLIL,SPL Industries Limited
NSE/SWANENERGY,Swan Energy Limited
NSE/SWARAJENG,Swaraj Engines Limited
NSE/SUZLON,Suzlon Energy Limited
NSE/SYNDIBANK,Syndicate Bank
NSE/SYMPHONY,Symphony Limited
NSE/TAINWALCHM,Tainwala Chemical and Plastic (I) Limited
NSE/TALWALKARS,Talwalkars Better Value Fitness Limited
NSE/TATACHEM,Tata Chemicals Limited
NSE/TARAPUR,Tarapur Transformers Limited
NSE/TANTIACONS,Tantia Constructions Limited
NSE/TARAJEWELS,Tara Jewels Limited
NSE/TATACOFFEE,Tata Coffee Limited
NSE/TATAGLOBAL,Tata Global Beverages Limited
NSE/TATAINVEST,Tata Investment Corporation Limited
NSE/TATASPONGE,Tata Sponge Iron Limited
NSE/TCI,Transport Corporation of India Limited
NSE/TBZ,Tribhovandas Bhimji Zaveri Limited
NSE/TATAPOWER,Tata Power Company Limited
NSE/TCS,Tata Consultancy Services Limited
NSE/TCIDEVELOP,TCI Developers Limited
NSE/TCIFINANCE,TCI Finance Limited
NSE/TEAMLEASE,Teamlease Services Limited
NSE/TEXRAIL,Texmaco Rail & Engineering Limited
NSE/TEXINFRA,Texmaco Infrastructure & Holdings Limited
NSE/TEXMOPIPES,Texmo Pipes and Products Limited
NSE/TFL,Transwarranty Finance Limited
NSE/THEMISMED,Themis Medicare Limited
NSE/THIRUSUGAR,Thiru Arooran Sugars Limited
NSE/TIMKEN,Timken India Limited
NSE/TIJARIA,Tijaria Polypipes Limited
NSE/TITAN,Titan Company Limited
NSE/TIL,TIL Limited
NSE/TIMETECHNO,Time Technoplast Limited
NSE/TIPSINDLTD,TIPS Industries Limited
NSE/TINPLATE,The Tinplate Company of India Limited
NSE/TI,Tilaknagar Industries Limited
NSE/TIRUMALCHM,Thirumalai Chemicals Limited
NSE/TNPL,Tamil Nadu Newsprint & Papers Limited
NSE/TNPETRO,Tamilnadu PetroProducts Limited
NSE/TORNTPOWER,Torrent Power Limited
NSE/TRIDENT,Trident Limited
NSE/TRF,TRF Limited
NSE/TRICOM,Tricom India Limited
NSE/TRIVENI,Triveni Engineering & Industries Limited
NSE/TV18BRDCST,TV18 Broadcast Limited
NSE/TTKPRESTIG,TTK Prestige Limited
NSE/TTML,Tata Teleservices (Maharashtra) Limited
NSE/UBL,United Breweries Limited
NSE/TVTODAY,TV Today Network Limited
NSE/TVVISION,TV Vision Limited
NSE/UTINIFTETF,UTI Mutual Fund - UTI-Nifty Exchange Traded Fund
NSE/UFLEX,UFLEX Limited
NSE/UCOBANK,UCO Bank
NSE/UCALFUEL,Ucal Fuel Systems Limited
NSE/UFO,UFO Moviez India Limited
NSE/UBHOLDINGS,United Breweries (Holdings) Limited
NSE/UGARSUGAR,The Ugar Sugar Works Limited
NSE/UNICHEMLAB,Unichem Laboratories Limited
NSE/ULTRACEMCO,UltraTech Cement Limited
NSE/UNITECH,Unitech Limited
NSE/TVSSRICHAK,TVS Srichakra Limited
NSE/TWL,Titagarh Wagons Limited
NSE/UNITY,Unity Infraprojects Limited
NSE/USHAMART,Usha Martin Limited
NSE/UNIVCABLES,Universal Cables Limited
NSE/UPL,UPL Limited
NSE/UTISENSETF,UTI Mutual Fund - UTI-Sensex Exchange Traded Fund
NSE/UTTAMSTL,Uttam Galva Steels Limited
NSE/VALUEIND,Value Industries Limited
NSE/VARDHACRLC,Vardhman Acrylics Limited
NSE/VASWANI,Vaswani Industries Limited
NSE/UJJIVAN,UJJIVAN FINANCIAL SERVICES LIMITED
NSE/VGUARD,V-Guard Industries Limited
NSE/USHERAGRO,Usher Agro Limited
NSE/UNITEDBNK,United Bank of India
NSE/VASCONEQ,Vascon Engineers Limited
NSE/VENKEYS,Venky's (India) Limited
NSE/VIDEOIND,Videocon Industries Limited
NSE/VHL,Vardhman Holdings Limited
NSE/VICEROY,Viceroy Hotels Limited
NSE/VIJAYABANK,Vijaya Bank
NSE/VIJSHAN,Vijay Shanthi Builders Limited
NSE/V2RETAIL,V2 Retail Limited
NSE/VINDHYATEL,Vindhya Telelinks Limited
NSE/VIVIMEDLAB,Vivimed Labs Limited
NSE/VIPULLTD,Vipul Limited
NSE/VISASTEEL,Visa Steel Limited
NSE/VISESHINFO,Visesh Infotecnics Limited
NSE/VSSL,Vardhman Special Steels Limited
NSE/VLSFINANCE,VLS Finance Limited
NSE/VOLTAMP,Voltamp Transformers Limited
NSE/VSTIND,VST Industries Limited
NSE/WEBELSOLAR,Websol Energy System Limited
NSE/WABAG,VA Tech Wabag Limited
NSE/WABCOINDIA,WABCO India Limited
NSE/WEIZMANIND,Weizmann Limited
NSE/WALCHANNAG,Walchandnagar Industries Limited
NSE/WEIZFOREX,Weizmann Forex Limited
NSE/WHIRLPOOL,Whirlpool of India Limited
NSE/WELSPUNIND,Welspun India Limited
NSE/WELCORP,Welspun Corp Limited
NSE/WINDMACHIN,Windsor Machines Limited
NSE/WOCKPHARMA,Wockhardt Limited
NSE/WILLAMAGOR,Williamson Magor & Company Limited
NSE/WINSOME,Winsome Yarns Limited
NSE/XPROINDIA,Xpro India Limited
NSE/WSTCSTPAPR,West Coast Paper Mills Limited
NSE/YESBANK,Yes Bank Limited
NSE/XCHANGING,Xchanging Solutions Limited
NSE/ZEELEARN,Zee Learn Limited
NSE/ZEEL,Zee Entertainment Enterprises Limited
NSE/ZENTEC,Zen Technologies Limited
NSE/ZICOM,Zicom Electronic Security Systems Limited
NSE/ZODJRDMKJ,Zodiac JRD- MKJ Limited
NSE/WHEELS,Wheels India Limited
NSE/ZODIACLOTH,Zodiac Clothing Company Limited
NSE/ZYDUSWELL,Zydus Wellness Limited
NSE/ZYLOG,Zylog Systems Limited
NSE/ANIKINDS,Anik Industries Limited
NSE/ASIL,Amit Spinning Industries Limited
NSE/GANGOTRI,Gangotri Textiles Limited
NSE/CUBEXTUB,Cubex Tubings Limited
NSE/GEINDSYS,GEI Industrial Systems Limited
NSE/XLENERGY,XL Energy Limited
NSE/NET4,Net 4 India Limited
NSE/PARASPETRO,Paras Petrofils Limited
NSE/DPTL,Dhunseri Petrochem & Tea Limited
NSE/ALPA,Alpa Laboratories Limited
NSE/BIRLAERIC,Birla Ericsson Optical Limited
NSE/INDOWIND,Indowind Energy Limited
NSE/ZENITHBIR,Zenith Birla (India) Limited
NSE/SPECTACLE,Spectacle Ventures Limited
NSE/THOMASCOTT,Thomas Scott (India) Limited
NSE/MLL,Mercator Lines Limited
NSE/MMWL,Media Matrix Worldwide Limited
NSE/GULFCORP,Gulf Oil Corporation Limited
NSE/MANJEERA,Manjeera Constructions Limited
NSE/VIPUL,Vipul Limited
NSE/BECREL,Best & Crompton Engg. Limited
NSE/CNXSMALLCAP,National Stock Exchange of India Stock Index - CNX SMALLCAP
NSE/STERLINBIO,Sterling Biotech Limited
NSE/SUJANAUNI,Sujana Universal Industries Limited
NSE/SUPRAJIT,Suprajit Engineering Limited
NSE/PRABHAT,Prabhat Dairy Limited
NSE/SETFNIF50,SBI-ETF Nifty 50
NSE/SRHHYPOLTD,Sree Rayalaseema Hi-Strength Hypo Limited
NSE/SRIPIPES,Srikalahasthi Pipes Limited
NSE/SPMLINFRA,SPML Infra Limited
NSE/SRSLTD,SRS Limited
NSE/SREINFRA,SREI Infrastructure Finance Limited
NSE/STEL,Stel Holdings Limited
NSE/STOREONE,Store One Retail India Limited
NSE/STARPAPER,Star Paper Mills Limited
NSE/SUBEX,Subex Limited
NSE/SUNDARAM,Sundaram Multi Pap Limited
NSE/SUMMITSEC,Summit Securities Limited
NSE/SUNFLAG,Sunflag Iron And Steel Company Limited
NSE/SUPPETRO,Supreme Petrochem Limited
NSE/PALREDTECH,Palred Technologies Limited
NSE/NIFTY_ALPHA_50,National Stock Exchange of India (NSE) Stock Index - Nifty Alpha 50
NSE/NIFTY_BANK,National Stock Exchange of India (NSE) Stock Index - Nifty Bank
NSE/NIFTY_FIN_SERVICE,National Stock Exchange of India (NSE) Stock Index - Nifty Financial Services
NSE/CNX_REALTY,National Stock Exchange of India (NSE) Stock Index - CNX Realty
NSE/NIFTY_COMMODITIES,National Stock Exchange of India (NSE) Stock Index - Nifty Commodities
NSE/CNX_SERVICE,National Stock Exchange of India (NSE) Stock Index - CNX Service Sector
NSE/CNX_ALPHA_INDEX,National Stock Exchange of India (NSE) Stock Index - CNX Alpha
NSE/NEOCURE,Neocure Therapeutics Limited
NSE/SIGNETIND,Signet Industries Limited
NSE/CNXMETAL,National Stock Exchange of India Stock Index - CNX METAL
NSE/NIFTY_IT,National Stock Exchange of India (NSE) Stock Index - Nifty IT
NSE/CNX_500_SHARIAH,National Stock Exchange of India (NSE) Stock Index - CNX 500 Shariah
NSE/SAMBANDAM,Sambandam Spinning Mills Limited
NSE/SAVERA,Savera Industries Limited
NSE/PILANIINV,Pilani Investment and Industries Corporation Limited
NSE/IPRINGLTD,IP Rings Limited
NSE/RAJPALAYAM,Rajapalayam Mills Limited
NSE/DALMIAREF,Dalmia Refractories Limited
NSE/RMMIL,Resurgere Mines & Minerals Limited
NSE/NIFTY_PHARMA,National Stock Exchange of India (NSE) Stock Index - Nifty Pharma
NSE/MUDRA,Mudra Lifestyle Limited
NSE/GULFPETRO,GP Petroleums Limited
NSE/FRETAIL,Future Retail Limited
NSE/CNX_HIGH_BETA,National Stock Exchange of India (NSE) Stock Index - CNX High Beta
NSE/NIFTY50_DIV_POINT,National Stock Exchange of India (NSE) Stock Index - Nifty50 Dividend Points
NSE/ALPINEHOU,Alpine Housing Development Corporation Limited
NSE/NGCT,Northgate Com Tech Limited
NSE/RRSLGETF,RELCAPAMC - RRSLGETF
NSE/ARVINDREM,Arvind Remedies Limited
NSE/GUJSTATFIN,Gujarat State Financial Corporation
NSE/CNX_SHARIAH25,National Stock Exchange of India (NSE) Stock Index - CNX Shariah25
NSE/INGVYSYABK,ING Vysya Bank Limited
NSE/IIFLNIFTY,IIFL Mutual Fund - Nifty ETF
NSE/SKUMARSYNF,S. Kumars Nationwide Limited
NSE/PRITHVI,Prithvi Information Solutions Limited
NSE/SHIV_VANI,Shiv-Vani Oil & Gas Exploration Services Limited
NSE/RELGRNIFTY,Religare Invesco Nifty Exchange Traded Fund
NSE/TULSI,Tulsi Extrusions Limited
NSE/TECPRO,Tecpro Systems Limited
NSE/RANBAXY,Ranbaxy Laboratories Limited
NSE/MGOLD,Motilal Oswal Mutual Fund - Motilal Oswal MOSt Shares Gold ETF
NSE/VAKRANSOFT,Vakrangee Softwares Limited
NSE/SPANCO,Spanco Limited
NSE/SPCNXNIFTYSHARIAH,National Stock Exchange of India Stock Index - S&P CNX NIFTY SHARIAH
NSE/MUNDRAPORT,Mundra Port and Special Economic Zone Limited
NSE/MBSWITCH,M AND B Switchgears Limited
NSE/FTCPOF5YGR,Franklin Templeton Capital Protection Oriented Fund
NSE/CNXREALTY,National Stock Exchange of India Stock Index - CNX REALTY
NSE/NEHAINT,Neha International Limited
NSE/VAIBHAVGEM,Vaibhav Gems Limited
NSE/THINKSOFT,Thinksoft Global Services Limited
NSE/SPCNX500,National Stock Exchange of India Stock Index - S&P CNX 500
NSE/NIFTYMIDCAP50,National Stock Exchange of India Stock Index - NIFTY MIDCAP 50
NSE/VIKASHMET,Vikash Metal & Power Limited
NSE/MMFSL,Money Matters Financial Services Limited
NSE/BOC,BOC India Limited
NSE/INFOTECENT,Infotech Enterprises Limited
NSE/INDIABULLS,Indiabulls Financial Services Limited
NSE/FKONCO,Fresenius Kabi Oncology Limited
NSE/ASHCONIUL,Ashco Niulab Industries Limited
NSE/COROENGG,Coromandel Engineering Company Limited
NSE/LAKSHMIMIL,The Lakshmi Mills Company Limited
NSE/SPCNX,National Stock Exchange of India Stock Index - S&P CNX 500
NSE/MORARJETEX,Morarjee Textiles Limited
NSE/CNXPSUBANK,National Stock Exchange of India Stock Index - CNX PSU BANK
NSE/NATHSEED,Nath Seeds  Limited
NSE/CNXMIDCAP,National Stock Exchange of India Stock Index - CNX MIDCAP
NSE/BODHTREE,Bodhtree Consulting Limited
NSE/EDSERV,Edserv Softsystems Limited
NSE/CORAL_HUB,Coral Hub Limited
NSE/VISHALRET,Vishal Retail Limited
NSE/SENTINEL,Sentinel Tea and Exports Limited
NSE/ANKURDRUGS,Ankur Drugs And Pharma Limited
NSE/AANJANEYA,Aanjaneya Lifecare Limited
NSE/BHAGWATIHO,Bhagwati Banquets and Hotels Limited
NSE/CNXAUTO,National Stock Exchange of India Stock Index - CNX AUTO
NSE/AMLSTEEL,AML Steel Limited
NSE/RAINCOM,Rain Commodities  Limited
NSE/PONDYOXIDE,Pondy Oxides & Chemicals Limited
NSE/KSE,KSE Limited
NSE/KINETICMOT,Kinetic Motor Company Limited
NSE/FIRSTLEASE,First Leasing Company of India Limited
NSE/KLGSYSTEL,KLG Systel Limited
NSE/SURAJDIAMN,Su-Raj Diamonds and Jewellery Limited
NSE/SESAGOA,Sesa Goa Limited
NSE/BIRLAPOWER,Birla Power Solutions Limited
NSE/JSWISPAT,JSW ISPAT Steel Limited
NSE/NOVOPANIND,Novopan Industries Limited
NSE/SUJANATOW,Sujana Tower Limited
NSE/TELEDATAIT,Teledata Technology Solutions Limited
NSE/CREWBOS,Crew B.O.S. Products Limited
NSE/MADRASCEM,Madras Cements Limited
NSE/CHEMPLAST,Chemplast Sanmar Limited
NSE/CNXDIVIDENDOPPT,National Stock Exchange of India Stock Index - CNX DIVIDEND OPPT
NSE/CNXPSE,National Stock Exchange of India Stock Index - CNX PSE
NSE/NIFTYDIVIDEND,National Stock Exchange of India Stock Index - NIFTY DIVIDEND
NSE/CNX100,National Stock Exchange of India Stock Index - CNX 100
NSE/DCHL,Deccan Chronicle Holdings Limited
NSE/SARTHAKIND,Sarthak Industries Limited
NSE/OSWALMIN,Oswal Minerals Limited
NSE/TANFACIND,Tanfac Industries Limited
NSE/APPAPER,The Andhra Pradesh Paper Mills Limited
NSE/PANTALOONR,Pantaloon Retail (India) Limited
NSE/CNXCONSUMPTION,National Stock Exchange of India Stock Index - CNX CONSUMPTION
NSE/JDORGOCHEM,JD Orgochem Limited
NSE/CNXPHARMA,National Stock Exchange of India Stock Index - CNX PHARMA
NSE/CNXINFRA,National Stock Exchange of India Stock Index - CNX INFRA
NSE/SMOBILITY,S Mobility Limited
NSE/CNXFMCG,National Stock Exchange of India Stock Index - CNX FMCG
NSE/TAKSHEEL,Taksheel Solutions Limited
NSE/CHETTINAD,Chettinad Cement Corporation Limited
NSE/GRABALALK,Grabal Alok Impex Limited
NSE/SHRINATRAJ,Shri Nataraj Ceramic and Chemical Industries Limited
NSE/NUCHEM,Nuchem Limited
NSE/TULIP,Tulip Telecom Limited
NSE/SPCNXDEFTY,National Stock Exchange of India Stock Index - S&P CNX DEFTY
NSE/RANKLIN,Ranklin Solutions Limited
NSE/NRC,NRC Limited
NSE/A2ZMES,A2Z Maintenance & Engineering Services Limited
NSE/APLAB,Aplab Limited
NSE/HYDROSS,Hydro S & S Industries Limited
NSE/CNX200,National Stock Exchange of India Stock Index - CNX 200
NSE/UTISUNDER,Nifty
NSE/SPCNX500SHARIAH,National Stock Exchange of India Stock Index - S&P CNX 500 SHARIAH
NSE/AVANTI,Avanti Feeds Limited
NSE/CNXHIGHBETA,National Stock Exchange of India Stock Index - CNX HIGH BETA
NSE/CASTROL,Castrol India Limited
NSE/VTMLTD,VTM Limited
NSE/MAHINDUGIN,Mahindra Ugine Steel Company Limited
NSE/CNXALPHAINDEX,National Stock Exchange of India Stock Index - CNX ALPHA INDEX
NSE/POLARIND,Polar Industries Limited
NSE/JEYPORE,The Jeypore Sugar Company Limited
NSE/INFODRIVE,Info-Drive Software Limited
NSE/CNXLOWVOLATILITY,National Stock Exchange of India Stock Index - CNX LOW VOLATILITY
NSE/RBN,Reliance Broadcast Network Limited
NSE/NUCENT,Nucent Finance Limited
NSE/PRITHVISOF,Prithvi Softech Limited
NSE/PEACOCKIND,Peacock Industries Limited
NSE/JINDALSWHL,Jindal South West Holdings Limited
NSE/CNXMIDCAP200,National Stock Exchange of India Stock Index - CNX MIDCAP 200
NSE/CNXSERVICE,National Stock Exchange of India Stock Index - CNX SERVICE
NSE/LLOYDSTEEL,Lloyds Steel Industries Limited
NSE/LAKSHMIFIN,The Lakshmi Finance & Industrial Corporation Limited
NSE/CRESTANI,Crest Animation Studios Limited
NSE/CNXNIFTYJUNIOR,National Stock Exchange of India Stock Index - CNX NIFTY JUNIOR
NSE/IBIPL,Indiabulls Infrastructure and Power Limited
NSE/IBPOW,Indiabulls Power Limited
NSE/AQUA,Aqua Logistics Limited
NSE/CNXCOMMODITIES,National Stock Exchange of India Stock Index - CNX COMMODITIES
NSE/CNXMNC,National Stock Exchange of India Stock Index - CNX MNC
NSE/TTKHEALTH,TTK Healthcare Limited
NSE/SURANAVEL,Surana Ventures Limited
NSE/GUJSIDHCEM,Gujarat Sidhee Cements Limited
NSE/SUPER,Super Sales India Limited
NSE/SPCNXSHARIAH,National Stock Exchange of India Stock Index - S&P CNX 500 SHARIAH
NSE/CNXIT,National Stock Exchange of India Stock Index - CNX IT
NSE/SPESGINDIAINDEX,National Stock Exchange of India Stock Index - S&P ESG INDIA INDEX
NSE/CNX,National Stock Exchange of India Stock Index - CNX 200
NSE/CNXBANK,National Stock Exchange of India Stock Index - CNX BANK
NSE/SOUISPAT,Southern Ispat And Energy Limited
NSE/KANDAGIRI,Kandagiri Spinning Mills Limited
NSE/PANASONIC,Panasonic Appliances India Company Limited
NSE/MARG,Marg Limited
NSE/NIFTY_CPSE,National Stock Exchange of India (NSE) Stock Index - Nifty CPSE
NSE/CNX_FMCG,National Stock Exchange of India (NSE) Stock Index - CNX FMCG
NSE/TWILITAKA,Twilight Litaka Pharma Limited
NSE/LOGIXMICRO,Logix Microsystems Limited
NSE/KBIL,Kirloskar Brothers Investments Limited
NSE/NIFTY_METAL,National Stock Exchange of India (NSE) Stock Index - Nifty Metal
NSE/COMPUAGE,Compuage Infocom Limited
NSE/SABERORGAN,Sabero Organics Gujarat Limited
NSE/UVSL,Uttam Value Steels Limited
NSE/KEMROCK,Kemrock Industries and Exports Limited
NSE/WINSOMEDJ,Winsome Diamonds and Jewellery Limited
NSE/DYNATECH,Dynacons Technologies Limited
NSE/FRLDVR,Future Enterprises Limited
NSE/FRL,FUTURE ENTERPRISES LIMITED
NSE/WELENTRP,Welspun Enterprises Limited
NSE/CNX_FINANCE,National Stock Exchange of India (NSE) Stock Index - CNX Finance
NSE/CNX_COMMODITIES,National Stock Exchange of India (NSE) Stock Index - CNX Commodities
NSE/NIFTY_GROWSECT_15,National Stock Exchange of India (NSE) Stock Index - Nifty Growth Sectors 15
NSE/SUDAR,Sudar Industries Limited
NSE/DIGJAM,Digjam Limited
NSE/PIPAVAVDOC,Pipavav Defence and Offshore Engineering Company Limited
NSE/STYABS,Styrolution ABS (India) Limited
NSE/KIL,Kamdhenu Ispat Limited
NSE/MANJUSHREE,Manjushree Technopack Limited
NSE/RAINBOWPAP,Rainbow Papers Limited
NSE/ABGSHIP,ABG Shipyard Limited
NSE/ADANIPORTS,Adani Ports and Special Economic Zone Limited
NSE/ADANIPOWER,Adani Power Limited
NSE/COFFEEDAY,Coffee Day Enterprises Limited
NSE/BBTC,Bombay Burmah Trading Corporation Limited
NSE/GOACARBON,Goa Carbon Limited
NSE/KITEX,Kitex Garments Limited
NSE/SAHPETRO,Sah Petroleums Limited
NSE/NIFTY_100,National Stock Exchange of India (NSE) Stock Index - Nifty 100
NSE/NIFTY_MIDCAP_50,National Stock Exchange of India (NSE) Stock Index - Nifty Midcap 50
NSE/KRISHNAENG,Krishna Engineering Works Limited
NSE/CHESLINTEX,Cheslind Textiles Limited
NSE/GLODYNE,Glodyne Technoserve Limited
NSE/ADVANTA,Advanta Limited
NSE/CNX_IT,National Stock Exchange of India (NSE) Stock Index - CNX IT
NSE/UTTAMVALUE,Uttam Value Steels Limited
NSE/RELIGAREGO,Religare Invesco Gold Exchange Traded Fund
NSE/ORCHIDCHEM,Orchid Chemicals & Pharmaceuticals Limited
NSE/VIKASGLOB,Vikas GlobalOne Limited
NSE/GUJRATGAS,Gujarat Gas Company Limited
NSE/MAKE,Marico Kaya Enterprises Limited
NSE/AMTEKINDIA,Amtek India Limited
NSE/NKIND,NK Industries Limited
NSE/NIRVIKARA,Nirvikara Paper Mills Limited
NSE/CNX_100_EQUAL_WEIGHT,National Stock Exchange of India (NSE) Stock Index - CNX 100 Equal Weight
NSE/ARVINFRA,Arvind Infrastructure Limited
NSE/BEARDSELL,Beardsell Limited
NSE/LSIL,Lloyds Steels Industries Limited
NSE/FIRSTWIN,First Winner Industries Limited
NSE/HEXATRADEX,Hexa Tradex Limited
NSE/TIMBOR,Timbor Home Limited
NSE/CPSE_INDEX,National Stock Exchange of India (NSE) Stock Index - CPSE
NSE/NIFTY_INFRA,National Stock Exchange of India (NSE) Stock Index - Nifty Infra
NSE/NIFTY_CONSUMPTION,National Stock Exchange of India (NSE) Stock Index - Nifty India Consumption
NSE/DAMODARIND,Damodar Industries Limited
NSE/IMPEXFERRO,Impex Ferro Tech Limited
NSE/JAICORPLTD,Jai Corp Limited
NSE/LUMAXTECH,Lumax Auto Technologies Limited
NSE/NIFTYEES,Edelweiss ETF - Nifty 50
NSE/SUNDRMFAST,Sundram Fasteners Limited
NSE/WELENT,Welspun Enterprises Limited
NSE/SETFBANK,SBIAMC - SETFBANK
NSE/ARVIND,Arvind Limited
NSE/NV20IWIN,ICICI Prudential NV20 ETF
NSE/BILPOWER,Bilpower  Limited
NSE/JAINSTUDIO,Jain Studios Limited
NSE/CURATECH,Cura Technologies Limited
NSE/EIMCOELECO,Eimco Elecon (India) Limited
NSE/DSSL,Dynacons Systems & Solutions Limited
NSE/ENTEGRA,Entegra Limited
NSE/EUROMULTI,Euro Multivision Limited
NSE/GISOLUTION,GI Engineering Solutions Limited
NSE/GOENKA,Goenka Diamond and Jewels Limited
NSE/JAIHINDPRO,Jaihind Projects Limited
NSE/LFIC,Lakshmi Finance & Industrial Corporation Limited
NSE/NORBTEAEXP,Norben Tea & Exports Limited
NSE/SHRIASTER,SHRI ASTER SILICATES LIMITED
NSE/MOTOGENFIN,The Motor & General Finance Limited
NSE/QUINTEGRA,Quintegra Solutions Limited
NSE/RADAAN,Radaan Mediaworks India Limited
NSE/RUCHINFRA,Ruchi Infrastructure Limited
NSE/SGFL,Shree Ganesh Forgings Limited
NSE/TNTELE,Tamilnadu Telecommunication Limited
NSE/SIL,Standard Industries Limited
NSE/SRGINFOTEC,SRG Infotec (India) Limited
NSE/VISUINTL,Visu International Limited
NSE/CNX_METAL,National Stock Exchange of India (NSE) Stock Index - CNX Metal
NSE/NIFTY_AUTO,National Stock Exchange of India (NSE) Stock Index - Nifty Auto
NSE/NIFTY_PSU_BANK,National Stock Exchange of India (NSE) Stock Index - Nifty PSU Bank
NSE/NIFTY50_VALUE_20,National Stock Exchange of India (NSE) Stock Index - Nifty50 Value 20
NSE/OMNITECH,Omnitech Infosolutions Limited
NSE/AIFL,Ashapura Intimates Fashion Limited
NSE/EMAMILTD,Emami Limited
NSE/IVZINGOLD,Invesco India Gold Exchange Traded Fund
NSE/KOKUYOCMLN,Kokuyo Camlin Limited
NSE/KELLTONTEC,Kellton Tech Solutions Limited
NSE/LICNETFN50,LICNAMC - LICNFENGP
NSE/MAYURUNIQ,Mayur Uniquoters Ltd
NSE/LTTS,L&T Technology Services Limited
NSE/MAXVIL,Max Ventures and Industries Limited
NSE/SOMICONVEY,Somi Conveyor Beltings Limited
NSE/PILANIINVS,Pilani Investment and Industries Corporation Limited
NSE/SKSMICRO,SKS Microfinance Limited
NSE/KERNEX,Kernex Microsystems (India) Limited
NSE/GEPIL,GE Power India Limited
NSE/ICNX100,ICICI Prudential Nifty 100 ETF
NSE/IMIDCAP,ICICIPRAMC - IMIDCAP
NSE/INIFTY,ICICI Prudential Nifty ETF
NSE/ISENSEX,ICICI Prudential Sensex ETF
NSE/ACROPETAL,Acropetal Technologies Limited
NSE/LICNFENGP,LICNAMC - LICNFENGP
NSE/BHARATWIRE,Bharat Wire Ropes Limited
NSE/EBANK,Edelweiss ETF - Nifty Bank
NSE/GUJGASLTD,Gujarat Gas Limited
NSE/MANPASAND,Manpasand Beverages Limited
NSE/NECCLTD,North Eastern Carrying Corporation Limited
NSE/ORCHIDPHAR,Orchid Pharma Limited
NSE/PNCINFRA,PNC Infratech Limited
NSE/PRATIBHA,Pratibha Industries Limited
NSE/SHILPI,Shilpi Cable Technologies Limited
NSE/TANLA,Tanla Solutions Limited
NSE/TTKHLTCARE,TTK Healthcare Limited
NSE/NIFTY_MIDCAP_LIQUID_15,National Stock Exchange of India (NSE) Stock Index - Nifty Midcap Liquid 15
NSE/CNX_ENERGY,National Stock Exchange of India (NSE) Stock Index - CNX Energy
NSE/CNX_NIFTY,National Stock Exchange of India (NSE) Stock Index - CNX Nifty
NSE/NIFTY_REALTY,National Stock Exchange of India (NSE) Stock Index - Nifty Realty
NSE/NIFTY50_SHARIAH,National Stock Exchange of India (NSE) Stock Index - Nifty50 Shariah
NSE/ANTGRAPHIC,Antarctica Limited
NSE/ELDERPHARM,Elder Pharmaceuticals Limited
NSE/GLFL,Gujarat Lease Financing Limited
NSE/RAMSARUP,Ramsarup Industries Limited
NSE/NEPCMICON,NEPC India Limited
NSE/PRADIP,Pradip Overseas Limited
NSE/MURLIIND,Murli Industries Limited
NSE/MALWACOTT,Malwa Cotton Spg. Mills Limited
NSE/TODAYS,Todays Writing Instruments Limited
NSE/BHARTISHIP,Bharati Shipyard Limited
NSE/BLUESTINFO,Blue Star Infotech Limited
NSE/HMT,HMT Limited
NSE/UMESLTD,Usha Martin Education & Solutions Limited
NSE/KHAITANLTD,Khaitan (India) Limited
NSE/KALYANIFRG,Kalyani Forge Limited
NSE/LICNMFET,LIC NOMURA MF - LIC NOMURA MF G-sec LT ETF - GO
NSE/REGENCERAM,Regency Ceramics Limited
NSE/TECHIN,TECHINDIA NIRMAN LIMITED
NSE/ERAINFRA,Era Infra Engineering Limited
NSE/RAJVIR,Rajvir Industries Limited
NSE/LIX_15,National Stock Exchange of India (NSE) Stock Index - LIX 15
NSE/ABCIL,Aditya Birla Chemicals (India) Limited
NSE/PFRL,Pantaloons Fashion & Retail Limited
NSE/WELSYNTEX,Welspun Syntex Limited
NSE/NIFTY_SMALL_100,National Stock Exchange of India (NSE) Stock Index - Nifty Small 100
NSE/LIX15_MIDCAP,National Stock Exchange of India (NSE) Stock Index - LIX15 Midcap
NSE/VIDHIDYE,Vidhi Dyestuffs Manufacturing Limited
NSE/NIFTY_SERV_SECTOR,National Stock Exchange of India (NSE) Stock Index - Nifty Services Sector
NSE/CNX_LOW_VOLATILITY,National Stock Exchange of India (NSE) Stock Index - CNX Low Volatility
NSE/ESSAROIL,Essar Oil Limited
NSE/NH,Narayana Hrudayalaya Ltd.
NSE/ZENITHEXPO,Zenith Exports Limited
NSE/NIFTY500_SHARIAH,National Stock Exchange of India (NSE) Stock Index - Nifty500 Shariah
NSE/NIFTY_500,National Stock Exchange of India (NSE) Stock Index - Nifty 500
NSE/CNX_SMALLCAP,National Stock Exchange of India (NSE) Stock Index - CNX Smallcap
NSE/NIFTY_50,National Stock Exchange of India (NSE) Stock Index - Nifty 50
NSE/ADHUNIKIND,Adhunik Industries Limited
NSE/NAGREEKEXP,Nagreeka Exports Limited
NSE/EXCEL,Excel Realty N Infra Limited
NSE/CNX_MIDCAP,National Stock Exchange of India (NSE) Stock Index - CNX Midcap
NSE/SDBL,Som Distilleries & Breweries Limited
NSE/VINYLINDIA,Vinyl Chemicals (India) Limited
NSE/WSI,W S Industries (I) Limited
NSE/ANKITMETAL,Ankit Metal & Power Limited
NSE/AYMSYNTEX,AYM Syntex Limited
NSE/CIMMCO,Cimmco Limited
NSE/COMPINFO,Compuage Infocom Limited
NSE/JSLHISAR,Jindal Stainless (Hisar) Limited
NSE/LICNETFSEN,LICNAMC - LICNFESGP
NSE/CNX_INFRA,National Stock Exchange of India (NSE) Stock Index - CNX Infrastructure
NSE/NIFTY_MEDIA,National Stock Exchange of India (NSE) Stock Index - Nifty Media
NSE/CUPID,Cupid Limited
NSE/GOCLCORP,GOCL Corporation Limited
NSE/GREENLAM,Greenlam Industries Limited
NSE/ICICIBANK,ICICI Bank Limited
NSE/INFIBEAM,Infibeam Incorporation Limited
NSE/LYCOS,Lycos Internet Limited
NSE/MARICO,Marico Limited
NSE/MINDAIND,Minda Industries Limited
NSE/MUKTAARTS,Mukta Arts Limited
NSE/MUTHOOTFIN,Muthoot Finance Limited
NSE/PENPEBS,Pennar Engineered Building Systems Limited
NSE/PRAJIND,Praj Industries Limited
NSE/THOMASCOOK,Thomas Cook (India) Limited
NSE/ARROWCOAT,Arrow Coated Products Limited
NSE/ICICIPRULI,ICICI Prudential Life Insurance Company Limited
NSE/SEZAL,Sezal Glass Limited
NSE/SURYAROSNI,Surya Roshni Limited
NSE/TAJGVK,Taj GVK Hotels & Resorts Limited
NSE/TPLPLASTEH,TPL Plastech Limited
NSE/BIRLACOT,Birla Cotsyn (India) Limited
NSE/NIFTY_MIDCAP_100,National Stock Exchange of India (NSE) Stock Index - Nifty Midcap 100
NSE/CNX_BANK,National Stock Exchange of India (NSE) Stock Index - CNX Bank
NSE/NIFTY_MNC,National Stock Exchange of India (NSE) Stock Index - Nifty MNC
NSE/ADHUNIK,Adhunik Metaliks Limited
NSE/ACC,ACC Limited
NSE/ALCHEM,Alchemist Limited
NSE/AMDIND,AMD Industries Limited
NSE/ABBOTINDIA,Abbott India Limited
NSE/A2ZINFRA,A2Z INFRA ENGINEERING LIMITED
NSE/NOCIL,NOCIL Limited
NSE/ADSL,Allied Digital Services Limited
NSE/3MINDIA,3M India Limited
NSE/ABAN,Aban Offshore Limited
NSE/AGRODUTCH,Agro Dutch Industries Limited
NSE/8KMILES,8K Miles Software Services Limited
NSE/ASHOKA,Ashoka Buildcon Limited
NSE/ADORWELD,Ador Welding Limited
NSE/ADI,Adi Finechem Limited
NSE/AMBUJACEM,Ambuja Cements Limited
NSE/APOLLOTYRE,Apollo Tyres Limited
NSE/ARMANFIN,Arman Financial Services Limited
NSE/ATUL,Atul Limited
NSE/BALKRISHNA,Balkrishna Paper Mills Limited
NSE/BAJFINANCE,Bajaj Finance Limited
NSE/BALLARPUR,Ballarpur Industries Limited
NSE/BHAGYNAGAR,Bhagyanagar India Limited
NSE/BIGBLOC,Bigbloc Construction Limited
NSE/BIRLACORPN,Birla Corporation Limited
NSE/BPL,BPL Limited
NSE/CASTROLIND,Castrol India Limited
NSE/EQUITAS,Equitas Holdings Limited
NSE/CAMLINFINE,Camlin Fine Sciences Limited
NSE/CANBK,Canara Bank
NSE/BUTTERFLY,Butterfly Gandhimathi Appliances Limited
NSE/CIGNITITEC,Cigniti Technologies Limited
NSE/CANTABIL,Cantabil Retail India Limited
NSE/DCBBANK,DCB BANK LIMITED
NSE/FLFL,Future Lifestyle Fashions Limited
NSE/DIGJAMLTD,Digjam Limited
NSE/PDMJEPAPER,Pudumjee Paper Products Limited
NSE/PRECAM,Precision Camshafts Limited
NSE/FEL,FUTURE ENTERPRISES LIMITED
NSE/GOKULAGRO,Gokul Agro Resources Limited
NSE/GLOBOFFS,Global Offshore Services Limited
NSE/GRAPHITE,Graphite India Limited
NSE/GREENFIRE,Green Fire Agri Commodities Limited
NSE/GSKCONS,GlaxoSmithKline Consumer Healthcare Limited
NSE/HATSUN,Hatsun Agro Product Limited
NSE/HDFCSENETF,HDFCAMC - HDFCSENETF
NSE/HINDNATGLS,Hindusthan National Glass & Industries Limited
NSE/HINDALCO,Hindalco Industries Limited
NSE/HINDUJAVEN,Hinduja Ventures Limited
NSE/IFCI,IFCI Limited
NSE/IIFL,IIFL Holdings Limited
NSE/HSCL,Himadri Speciality Chemical Limited
NSE/IDFC,IDFC Limited
NSE/INTEGRA,Integra Garments and Textiles Limited
NSE/IDEA,Idea Cellular Limited
NSE/ILFSTRANS,IL&FS Transportation Networks Limited
NSE/INEOSSTYRO,INEOS Styrolution India Limited
NSE/INFRABEES,Goldman Sachs Infrastructure Exchange Traded Scheme
NSE/INVENTURE,Inventure Growth & Securities Limited
NSE/INTELLECT,Intellect Design Arena Limited
NSE/JVLAGRO,JVL Agro Industries Limited
NSE/JENSONICOL,Jenson & Nicholson (India) Limited
NSE/JBFIND,JBF Industries Limited
NSE/JINDALSTEL,Jindal Steel & Power Limited
NSE/JHS,JHS Svendgaard Laboratories Limited
NSE/JMCPROJECT,JMC Projects (India) Limited
NSE/JPASSOCIAT,Jaiprakash Associates Limited
NSE/LICHSGFIN,LIC Housing Finance Limited
NSE/JOCIL,Jocil Limited
NSE/KESORAMIND,Kesoram Industries Limited
NSE/KIRLOSBROS,Kirloskar Brothers Limited
NSE/KNRCON,KNR Constructions Limited
NSE/MVL,MVL Limited
NSE/KSL,Kalyani Steels Limited
NSE/KOTARISUG,Kothari Sugars And Chemicals Limited
NSE/LINCOLN,Lincoln Pharmaceuticals Limited
NSE/LINDEINDIA,Linde India Limited
NSE/LAMBODHARA,Lambodhara Textiles Limited
NSE/LTFH,L&T Finance Holdings Limited
NSE/MEP,MEP Infrastructure Developers Limited
NSE/MARATHON,Marathon Nextgen Realty Limited
NSE/METALFORGE,Metalyst Forgings Limited
NSE/MINDTECK,Mindteck (India) Limited
NSE/MAHLIFE,Mahindra Lifespace Developers Limited
NSE/MAHABANK,Bank of Maharashtra
NSE/MAJESCO,Majesco Limited
NSE/MANAKALUCO,Manaksia Aluminium Company Limited
NSE/MAWANASUG,Mawana Sugars Limited
NSE/NEXTMEDIA,Next Mediaworks Limited
NSE/MANUGRAPH,Manugraph India Limited
NSE/NCLIND,NCL Industries Limited
NSE/NESTLEIND,Nestle India Limited
NSE/NIFTYBEES,Goldman Sachs Nifty Exchange Traded Scheme
NSE/NSIL,Nalwa Sons Investments Limited
NSE/NRBBEARING,NRB Bearing Limited
NSE/ORBTEXP,Orbit Exports Limited
NSE/ORIENTBANK,Oriental Bank of Commerce
NSE/PEARLPOLY,Pearl Polymers Limited
NSE/PAPERPROD,Huhtamaki PPL Limited
NSE/PNEUMATIC,Pneumatic Holdings Limited
NSE/POKARNA,Pokarna Limited
NSE/POWERMECH,Power Mech Projects Limited
NSE/PSL,PSL Limited
NSE/PRISMCEM,Prism Cement Limited
NSE/RAIN,Rain Industries Limited
NSE/PSB,Punjab & Sind Bank
NSE/RAJESHEXPO,Rajesh Exports Limited
NSE/RAJTV,Raj Television Network Limited
NSE/REDINGTON,Redington (India) Limited
NSE/SALZERELEC,Salzer Electronics Limited
NSE/SABEVENTS,Sab Events & Governance Now Media Limited
NSE/RPGLIFE,RPG Life Sciences Limited
NSE/ROHITFERRO,Rohit Ferro-Tech Limited
NSE/RTNPOWER,RattanIndia Power Limited
NSE/SAKHTISUG,Sakthi Sugars Limited
NSE/SUJANATWR,Sujana Tower Limited
NSE/SFCL,Star Ferro and Cement Limited
NSE/SHAHALLOYS,Shah Alloys Limited
NSE/SUPREMEINF,Supreme Infrastructure India Limited
NSE/SHIRPUR_G,Shirpur Gold Refinery Limited
NSE/SETF10GILT,SBIAMC - SETF10GILT
NSE/SETFNN50,SBI-ETF Nifty Next 50
NSE/SRF,SRF Limited
NSE/SEPOWER,S.E. Power Limited
NSE/STCINDIA,The State Trading Corporation of India Limited
NSE/SPAL,S. P. Apparels Limited
NSE/STINDIA,STI India Limited
NSE/SITINET,Siti Networks Limited
NSE/SRTRANSFIN,Shriram Transport Finance Company Limited
NSE/STERTOOLS,Sterling Tools Limited
NSE/SPYL,Shekhawati Poly-Yarn Limited
NSE/SUNPHARMA,Sun Pharmaceuticals Industries Limited
NSE/STAR,Strides Shasun Limited
NSE/STAMPEDE,Stampede Capital Limited
NSE/SUMEETINDS,Sumeet Industries Limited
NSE/SUDARSCHEM,Sudarshan Chemical Industries Limited
NSE/SUNILHITEC,Sunil Hitech Engineers Limited
NSE/SUNDRMBRAK,Sundaram Brake Linings Limited
NSE/SYNGENE,Syngene International Limited
NSE/TALBROAUTO,Talbros Automotive Components Limited
NSE/SUPREMEIND,Supreme Industries Limited
NSE/SUNTECK,Sunteck Realty Limited
NSE/THERMAX,Thermax Limited
NSE/SUPERHOUSE,Superhouse Limited
NSE/SURANASOL,SURANA SOLAR LIMITED
NSE/SUTLEJTEX,Sutlej Textiles and Industries Limited
NSE/SURANATP,Surana Telecom and Power Limited
NSE/SVOGL,SVOGL OIL GAS AND ENERGY LIMITED
NSE/SYNCOM,Syncom Healthcare Limited
NSE/SWELECTES,Swelect Energy Systems Limited
NSE/TFCILTD,Tourism Finance Corporation of India Limited
NSE/THANGAMAYL,Thangamayil Jewellery Limited
NSE/TATACOMM,Tata Communications Limited
NSE/TDPOWERSYS,TD Power Systems Limited
NSE/TECHM,Tech Mahindra Limited
NSE/TGBHOTELS,TGB BANQUETS AND HOTELS LIMITED
NSE/TOKYOPLAST,Tokyo Plast International Limited
NSE/TORNTPHARM,Torrent Pharmaceuticals Limited
NSE/TRENT,Trent Limited
NSE/TUBEINVEST,Tube Investments of India Limited
NSE/VALECHAENG,Valecha Engineering Limited
NSE/VIKASECO,Vikas EcoTech Limited
NSE/VINATIORGA,Vinati Organics Limited
NSE/ZUARIGLOB,ZUARI GLOBAL LIMITED
NSE/ZEEMEDIA,Zee Media Corporation Limited
NSE/ZUARI,Zuari Agro Chemicals Limited
NSE/CNX_PSE,National Stock Exchange of India (NSE) Stock Index - CNX PSE
NSE/NIFTY_HIGH_BETA_50,National Stock Exchange of India (NSE) Stock Index - Nifty High Beta 50
NSE/AGRITECH,Agri-Tech (India) Limited
NSE/ICSA,ICSA (India) Limited
NSE/CALSOFT,California Software Company Limited
NSE/AUSTRAL,Austral Coke & Projects Limited
NSE/CREATIVEYE,Creative Eye Limited
NSE/CYBERMEDIA,Cyber Media (India) Limited
NSE/EQ30,EDELAMC - EQ30
NSE/FARMAXIND,Farmax India Limited
NSE/FELDVR,Future Enterprises Limited
NSE/IGOLD,ICICI Prudential Gold ETF
NSE/MANAKINDST,Manaksia Industries Limited
NSE/MGL,Mahanagar Gas Limited
NSE/PARAPRINT,Paramount Printpackaging Limited
NSE/NOESISIND,Noesis Industries Limited
NSE/SURYAJYOTI,Suryajyoti Spinning Mills Limited
NSE/RAJOIL,Raj Oil Mills Limited
NSE/SAMTEL,Samtel Color Limited
NSE/SURANACORP,Surana Corporation Limited
NSE/VEDL,Vedanta Limited
NSE/RELNV20,Reliance Mutual Fund - R*Shares NV20 ETF
NSE/JCTEL,JCT Electronics Limited
NSE/RAMASTEEL,Rama Steel Tubes Limited
NSE/SSWL,Steel Strips Wheels Limited
NSE/ITC,ITC Limited
NSE/INDIGO,InterGlobe Aviation Limited
NSE/MANAKSTEEL,Manaksia Steels Limited
NSE/ARCHIES,Archies Limited
NSE/DCW,DCW Limited
NSE/IFBIND,IFB Industries Limited
NSE/SEQUENT,Sequent Scientific Limited
NSE/EON,Eon Electric Limited
NSE/GOODLUCK,Goodluck India Limited
NSE/GTL,GTL Limited
NSE/GULFOILLUB,Gulf Oil Lubricants India Limited
NSE/IBULHSGFIN,Indiabulls Housing Finance Limited
NSE/NAVNETEDUL,Navneet Education Limited
NSE/NIFTYIWIN,ICICI Prudential Nifty Exchange Traded Fund
NSE/VISHNU,Vishnu Chemicals Limited
NSE/ADANITRANS,Adani Transmission Limited
NSE/ALBERTDAVD,Albert David Limited
NSE/ABFRL,Aditya Birla Fashion and Retail Limited
NSE/ADVENZYMES,Advanced Enzyme Technologies Limited
NSE/ALSTOMTD,Alstom T&D India Limited
NSE/BAJAJHLDNG,Bajaj Holdings & Investment Limited
NSE/BROOKS,Brooks Laboratories Limited
NSE/CRMFGETF,Canara Robeco Mutual Fund - Canara Robeco - Gold ETF
NSE/EXCELINDUS,Excel Industries Limited
NSE/INOXWIND,Inox Wind Limited
NSE/TRIGYN,Trigyn Technologies Limited
NSE/ESSDEE,Ess Dee Aluminium Limited
NSE/KRIDHANINF,Kridhan Infra Limited
NSE/OCCL,Oriental Carbon & Chemicals Limited
NSE/SANGHIIND,Sanghi Industries Limited
NSE/PALREDTEC,Palred Technologies Limited
NSE/CNX_CONSUMPTION,National Stock Exchange of India (NSE) Stock Index - CNX Consumption
NSE/NIFTY_SHARIAH_25,National Stock Exchange of India (NSE) Stock Index - Nifty Shariah 25
NSE/ANANDAMRUB,The Anandam Rubber Company Limited
NSE/NIFTY100_EQUAL_WEIGHT,National Stock Exchange of India (NSE) Stock Index - Nifty 100 Equal Weight
NSE/ATLASCYCLE,Atlas Cycles (Haryana) Limited
NSE/BILENERGY,Bil Energy Systems Limited
NSE/BURNPUR,Burnpur Cement Limited
NSE/CGCL,Capri Global Capital Limited
NSE/ENGINERSIN,Engineers India Limited
NSE/GATI,GATI Limited
NSE/KTIL,Kesar Terminals & Infrastructure Limited
NSE/MAITHANALL,Maithan Alloys Limited
NSE/MANGLMCEM,Mangalam Cement Limited
NSE/MBLINFRA,MBL Infrastructures Limited
NSE/NIF100IWIN,ICICI Prudential Nifty 100 ETF
NSE/NITESHEST,Nitesh Estates Limited
NSE/OPTOCIRCUI,Opto Circuits (India) Limited
NSE/ORTINLABSS,Ortin Laboratories Limited
NSE/PKTEA,The Peria Karamalai Tea & Produce Company Limited
NSE/ORIENTCEM,Orient Cement Limited
NSE/PARRYSUGAR,Parrys Sugar Industries Limited
NSE/PLASTIBLEN,Plastiblends India Limited
NSE/PVP,PVP Ventures Limited
NSE/RUCHISOYA,Ruchi Soya Industries Limited
NSE/SAKUMA,Sakuma Exports Limited
NSE/SGJHL,SHREE GANESH JEWELLERY HOUSE (I) LIMITED
NSE/UJAAS,Ujaas Energy Limited
NSE/VADILALIND,Vadilal Industries Limited
NSE/VIMTALABS,Vimta Labs Limited
NSE/VIMALOIL,Vimal Oil & Foods Limited
NSE/VOLTAS,Voltas Limited
NSE/VRLLOG,VRL Logistics Limited
NSE/VMART,V-Mart Retail Limited
NSE/CNX_AUTO,National Stock Exchange of India (NSE) Stock Index - CNX Auto
NSE/CNX_MEDIA,National Stock Exchange of India (NSE) Stock Index - CNX Media
NSE/NIFTY_LOW_VOLATILITY_50,National Stock Exchange of India (NSE) Stock Index - Nifty Low Volatility 50
NSE/CNX_PSU_BANK,National Stock Exchange of India (NSE) Stock Index - CNX PSU Bank
NSE/NIFTY_DIVIDEND,National Stock Exchange of India (NSE) Stock Index - CNX Nifty Dividend
NSE/CNX_DIVIDEND_OPPT,National Stock Exchange of India (NSE) Stock Index - CNX Dividend Opportunities
NSE/NIFTY_FMCG,National Stock Exchange of India (NSE) Stock Index - Nifty FMCG
NSE/CNX_100,National Stock Exchange of India (NSE) Stock Index - CNX 100
NSE/MANAKSIA,Manaksia Limited
NSE/MARKSANS,Marksans Pharma Limited
NSE/MEGH,Meghmani Organics Limited
NSE/MELSTAR,Melstar Information Technologies Limited
NSE/MHRIL,Mahindra Holidays & Resorts India Limited
NSE/MOIL,MOIL Limited
NSE/MONTECARLO,Monte Carlo Fashions Limited
NSE/MPHASIS,MphasiS Limited
NSE/SNOWMAN,Snowman Logistics Limited
NSE/MOTHERSUMI,Motherson Sumi Systems Limited
NSE/MUNJALSHOW,Munjal Showa Limited
NSE/NATCOPHARM,Natco Pharma Limited
NSE/NATHBIOGEN,Nath Bio-Genes (India) Limited
NSE/NBCC,NBCC (INDIA) LIMITED
NSE/SJVN,SJVN Limited
NSE/SKIL,SKIL Infrastructure Limited
NSE/SPHEREGSL,Sphere Global Services Limited
NSE/SONATSOFTW,Sonata Software Limited
NSE/SQSBFSI,SQS India BFSI Limited
NSE/SREEL,Sreeleathers Limited
NSE/SUBROS,Subros Limited
NSE/SURANAIND,Surana Industries Limited
NSE/SUNCLAYLTD,Sundaram Clayton Limited
NSE/UNITEDTEA,The United Nilgiri Tea Estates Company Limited
NSE/VAKRANGEE,VAKRANGEE LIMITED
NSE/VAIBHAVGBL,Vaibhav Global Limited
NSE/VETO,Veto Switchgears And Cables Limited
NSE/VISAKAIND,Visaka Industries Limited
NSE/CNX_PHARMA,National Stock Exchange of India (NSE) Stock Index - CNX Pharma
NSE/NIFTY_DIV_OPPS_50,National Stock Exchange of India (NSE) Stock Index - Nifty Dividend Opportunities 50
NSE/NIFTY_ENERGY,National Stock Exchange of India (NSE) Stock Index - Nifty Energy
NSE/AVTNPL,AVT Natural Products Limited
NSE/AUTOAXLES,Automotive Axles Limited
NSE/BAJAJELEC,Bajaj Electricals Limited
NSE/BAJAJHIND,Bajaj Hindusthan Sugar Limited
NSE/BALAJITELE,Balaji Telefilms Limited
NSE/BBL,Bharat Bijlee Limited
NSE/ANSALHSG,Ansal Housing and Construction Limited
NSE/CAPF,Capital First Limited
NSE/SUNDARMFIN,Sundaram Finance Limited
NSE/STRTECH,Sterlite Technologies Limited
NSE/SUNTV,Sun TV Network Limited
NSE/SUPERSPIN,Super Spinning Mills Limited
